claim_text,image_path,label,source_dataset
NIH study confirms benefits of intensive blood pressure management among seniors aged 75 and older,data/raw/images/fakehealth/fh_news_reviews_00423_00000.jpg,0,fakehealth
Lucentis Proves Effective Against Proliferative Diabetic Retinopathy,data/raw/images/fakehealth/fh_news_reviews_00520_00001.jpg,1,fakehealth
New psoriasis drug is more effective than current treatment,data/raw/images/fakehealth/fh_news_reviews_00565_00002.jpg,0,fakehealth
MRI technique differentiates benign breast lesions from malignancies,data/raw/images/fakehealth/fh_news_reviews_00108_00003.jpg,0,fakehealth
Mounting evidence demonstrates improved cognitive function from cocoa flavanol consumption,data/raw/images/fakehealth/fh_news_reviews_00598_00004.jpg,1,fakehealth
"Concurrent chemotherapy, proton therapy improves survival in patients with advanced lung cancer",data/raw/images/fakehealth/fh_news_reviews_00195_00005.jpg,1,fakehealth
Personalized treatment for those in blood pressure 'gray zone',data/raw/images/fakehealth/fh_news_reviews_00297_00006.jpg,1,fakehealth
Restoring testosterone rather than replacing it helps safeguard a man's fertility,data/raw/images/fakehealth/fh_news_reviews_00534_00007.jpg,0,fakehealth
More men at risk for prostate cancer as a result of less regular screening,data/raw/images/fakehealth/fh_news_reviews_00546_00009.jpg,1,fakehealth
Testosterone therapy provides protection against cardiovascular disease in men with low testosterone,data/raw/images/fakehealth/fh_news_reviews_00282_00010.jpg,0,fakehealth
Drug for narcolepsy could help food addicts lose weight,data/raw/images/fakehealth/fh_news_reviews_00315_00011.jpg,0,fakehealth
Immunotherapy shows promise in preventing leukemia relapse,data/raw/images/fakehealth/fh_news_reviews_00318_00012.jpg,0,fakehealth
New MRI method aids long-term concussion prognosis,data/raw/images/fakehealth/fh_news_reviews_00293_00013.jpg,0,fakehealth
Continuing Developments In Medical Consensus On The Utility Of Peppermint Oil For Irritable Bowel Syndrome (IBS),data/raw/images/fakehealth/fh_news_reviews_00355_00014.jpg,0,fakehealth
Probiotics improve cognition in Alzheimer's patients,data/raw/images/fakehealth/fh_news_reviews_00331_00015.jpg,0,fakehealth
The Lancet: New heart attack test could identify two-thirds of patients at very low risk of heart attack in the emergency department,data/raw/images/fakehealth/fh_news_reviews_00541_00016.jpg,1,fakehealth
Psoriasis and psoriatic arthritis symptoms curbed by bariatric surgery,data/raw/images/fakehealth/fh_news_reviews_00525_00017.jpg,1,fakehealth
Concussions in kids are detectable by blood test,data/raw/images/fakehealth/fh_news_reviews_00526_00018.jpg,0,fakehealth
Superior Protection by Flublok® Influenza Vaccine in Seniors Documented in New England Journal of Medicine,data/raw/images/fakehealth/fh_news_reviews_00209_00019.jpg,1,fakehealth
"More IV fluids, fewer c-sections",data/raw/images/fakehealth/fh_news_reviews_00264_00020.jpg,1,fakehealth
Fermented dairy products may protect against heart attack,data/raw/images/fakehealth/fh_news_reviews_00017_00021.jpg,0,fakehealth
Exercise reduces heart disease risk in depressed patients,data/raw/images/fakehealth/fh_news_reviews_00497_00022.jpg,1,fakehealth
UAB Optometrist Improves Treatment and Care for Patients with Dry Eye,data/raw/images/fakehealth/fh_news_reviews_00390_00034.jpg,0,fakehealth
"Scalpel-Free Surgery Proves Safe, Effective for Treating Essential Tremor",data/raw/images/fakehealth/fh_news_reviews_00374_00041.jpg,1,fakehealth
Northwestern Medicine offers new Minimally Invasive Breakthrough Treatment for Enlarged Prostate,data/raw/images/fakehealth/fh_news_reviews_00146_00045.jpg,0,fakehealth
"New Study Shows Balloon in a Capsule Helps Patients Lose Nearly Twice as Much Weight Than Diet, Exercise and Lifestyle Therapy Alone",data/raw/images/fakehealth/fh_news_reviews_00336_00052.jpg,0,fakehealth
"FDA approves new, targeted treatment for bladder cancer",data/raw/images/fakehealth/fh_news_reviews_00426_00054.jpg,1,fakehealth
"Study Finds Single, Escalated Dose of Brachytherapy Radiation May Be a Safe and Effective Treatment for Localized Prostate Cancer",data/raw/images/fakehealth/fh_news_reviews_00275_00066.jpg,0,fakehealth
Sun Pharma Announces Positive Topline Results of Confirmatory Phase-3 Clinical Trial for Seciera™ for Treatment of Dry Eye,data/raw/images/fakehealth/fh_news_reviews_00302_00071.jpg,0,fakehealth
New blood test may predict cardiovascular events in patients with or without coronary artery disease,data/raw/images/fakehealth/fh_news_reviews_00267_00072.jpg,1,fakehealth
Ultrasound Headset May Be New Way to Recognize Concussion on the Sidelines,data/raw/images/fakehealth/fh_news_reviews_00446_00077.jpg,1,fakehealth
Eating Foods High in Vitamin C Cuts Risk of Cataract Progression by a Third,data/raw/images/fakehealth/fh_news_reviews_00458_00079.jpg,1,fakehealth
Electrical stimulation in the nose induces sense of smell in human subjects,data/raw/images/fakehealth/fh_news_reviews_00010_00082.jpg,1,fakehealth
Merck Receives FDA Approval of ZEPATIER™ (elbasvir and grazoprevir) for the Treatment of Chronic Hepatitis C Virus Genotype 1 or 4 Infection in Adults Following Priority Review,data/raw/images/fakehealth/fh_news_reviews_00490_00091.jpg,1,fakehealth
Laser-Based Dermatological Procedures Could Be Revolutionized with New Technique,data/raw/images/fakehealth/fh_news_reviews_00250_00094.jpg,0,fakehealth
GSK's candidate shingles vaccine shows high efficacy against shingles and its complications in adults aged 70 years and over in phase III study published in NEJM,data/raw/images/fakehealth/fh_news_reviews_00363_00098.jpg,1,fakehealth
Overnight Fasting May Reduce Breast Cancer Risk in Women,data/raw/images/fakehealth/fh_news_reviews_00603_00100.jpg,0,fakehealth
"Lipogen Targets PMS/PMDD Relief, Naturally",data/raw/images/fakehealth/fh_news_reviews_00474_00109.jpg,0,fakehealth
"Five-Year Follow-Up Study Further Supports Effectiveness and Safety of the Essure® Procedure as a Non-Surgical, Non-Hormonal Option for Permanent Contraception",data/raw/images/fakehealth/fh_news_reviews_00590_00110.jpg,0,fakehealth
UAB Recruiting for Clinical Trial to Determine Therapies for Eradication of Multiple Myeloma,data/raw/images/fakehealth/fh_news_reviews_00074_00114.jpg,0,fakehealth
Allergan Receives FDA Clearance For the CoolSculpting® Treatment To Improve Appearance Of Lax Tissue In The Double Chin,data/raw/images/fakehealth/fh_news_reviews_00133_00115.jpg,0,fakehealth
Healthy Diet May Help Kidney Disease Patients Live Longer,data/raw/images/fakehealth/fh_news_reviews_00317_00130.jpg,1,fakehealth
Device Keeps Donor Kidneys Healthy Outside the Body Until Transplant,data/raw/images/fakehealth/fh_news_reviews_00114_00134.jpg,0,fakehealth
Mayo Clinic finds surprising results on first-ever test of stem cell therapy to treat arthritis,data/raw/images/fakehealth/fh_news_reviews_00319_00135.jpg,1,fakehealth
Using Radar to Make Breast Surgery Easier for Women,data/raw/images/fakehealth/fh_news_reviews_00151_00139.jpg,1,fakehealth
Clinical study finds a specialized lollipop can end a kid's earache in nine of ten cases,data/raw/images/fakehealth/fh_news_reviews_00496_00145.jpg,0,fakehealth
Multivitamins in pregnancy may be linked to lower autism risk in children,data/raw/images/fakehealth/fh_news_reviews_00160_00151.jpg,1,fakehealth
Cognitive Behavioral Therapy Can Be as Effective as Second-Generation Antidepressants to Treat Major Depressive Disorder,data/raw/images/fakehealth/fh_news_reviews_00506_00155.jpg,1,fakehealth
Cedars-Sinai Surgeon Uses New Device to Perform First-Ever Surgery,data/raw/images/fakehealth/fh_news_reviews_00005_00158.jpg,0,fakehealth
CVS Health Research Institute Study Shows that Home Infusion Care Improves Patient Outcomes and Quality of Life While Reducing Overall Costs,data/raw/images/fakehealth/fh_news_reviews_00436_00164.jpg,1,fakehealth
"HSRx Group's Acne Product Outperforms Market Leader in Clinical Trial; Demonstrates Faster Reduction of Acne Count, Redness & Severity",data/raw/images/fakehealth/fh_news_reviews_00518_00166.jpg,0,fakehealth
Can an iPad Help You See?,data/raw/images/fakehealth/fh_news_reviews_00457_00172.jpg,1,fakehealth
Palliative Care Consults for Patients with Advanced Cancers Reduces Hospitalization and Improves Quality of Care,data/raw/images/fakehealth/fh_news_reviews_00262_00174.jpg,1,fakehealth
Multiple Studies Show Freespira® Eliminates Panic Attacks in 80% of Patients,data/raw/images/fakehealth/fh_news_reviews_00087_00176.jpg,0,fakehealth
"Simple Electrocardiogram Can Determine Whether a Patient Has Major Depression or Bipolar Disorder, Study Finds",data/raw/images/fakehealth/fh_news_reviews_00141_00180.jpg,0,fakehealth
UNC Hearing Loss Experts Lead Clinical Trials of FDA-Approved Hearing Implant,data/raw/images/fakehealth/fh_news_reviews_00358_00184.jpg,0,fakehealth
Celator Announces Phase 3 Trial for VYXEOS™ (CPX-351) in Patients with High-Risk Acute Myeloid Leukemia Demonstrates Statistically Significant Improvement in Overall Survival,data/raw/images/fakehealth/fh_news_reviews_00464_00185.jpg,1,fakehealth
HPV Vaccine Can Protect Women Across a Broad Age Range,data/raw/images/fakehealth/fh_news_reviews_00394_00191.jpg,0,fakehealth
"Two-year, EU-funded Study Reveals a Medical Food in the Form of a Daily Nutritional Drink Can Help to Conserve Memory, the Ability to Think and Perform Everyday Tasks, as well as Reduce Brain Shrinkag",data/raw/images/fakehealth/fh_news_reviews_00466_00193.jpg,0,fakehealth
Life Extension-supported study published in Lancet Neurology finds green tea extract improves cognition in Down Syndrome,data/raw/images/fakehealth/fh_news_reviews_00388_00198.jpg,1,fakehealth
PCSK9-Inhibitor Drug Class That Grew Out of UT Southwestern Research Becomes a Game-Changer for Patient with Extremely High Cholesterol,data/raw/images/fakehealth/fh_news_reviews_00472_00205.jpg,0,fakehealth
New Data Shows Irreversible Electroporation Nearly Doubles Overall Survival of Patients with Locally Advanced Pancreatic Cancer When Added to Standard Therapy,data/raw/images/fakehealth/fh_news_reviews_00597_00213.jpg,0,fakehealth
Oramed Announces Positive Top-Line Results from Phase IIb Oral Insulin Study,data/raw/images/fakehealth/fh_news_reviews_00427_00216.jpg,1,fakehealth
Braeburn Pharmaceuticals and Camurus announce positive top line results from Phase 2 opioid challenge study with CAM2038 in subjects with opioid use disorder,data/raw/images/fakehealth/fh_news_reviews_00431_00218.jpg,0,fakehealth
Active Surveillance Preserves Quality of Life for Prostate Cancer Patients,data/raw/images/fakehealth/fh_news_reviews_00260_00223.jpg,1,fakehealth
More than 1000 Lives Reported Saved with Help of EVZIO® (naloxone HCl injection) Auto-injectors,data/raw/images/fakehealth/fh_news_reviews_00454_00227.jpg,1,fakehealth
Omega-3 Fatty Acids May Lower Breast Cancer Risk in Postmenopausal Obese Women,data/raw/images/fakehealth/fh_news_reviews_00476_00231.jpg,1,fakehealth
Concussion can now be diagnosed with 95 percent specificity,data/raw/images/fakehealth/fh_news_reviews_00351_00233.jpg,0,fakehealth
"For women with history of pregnancy loss, walking may aid chance of becoming pregnant",data/raw/images/fakehealth/fh_news_reviews_00076_00234.jpg,1,fakehealth
Working up a sweat may protect men from lethal prostate cancer,data/raw/images/fakehealth/fh_news_reviews_00517_00236.jpg,1,fakehealth
High rates of satisfaction for applicator free local estrogen softgel ovule,data/raw/images/fakehealth/fh_news_reviews_00280_00237.jpg,0,fakehealth
Electro-acupuncture for disrupted sleep in women with breast cancer,data/raw/images/fakehealth/fh_news_reviews_00325_00238.jpg,0,fakehealth
Screening could prevent a quarter of hip fractures in older women,data/raw/images/fakehealth/fh_news_reviews_00131_00239.jpg,1,fakehealth
Common antibiotic may help to prevent or treat PTSD,data/raw/images/fakehealth/fh_news_reviews_00253_00240.jpg,0,fakehealth
New Peer-Reviewed Clinical Study Successfully Validates The Use Of Proove Opioid Risk® To Predict Prescription Opioid Abuse,data/raw/images/fakehealth/fh_news_reviews_00231_00241.jpg,0,fakehealth
Mangoes helped improve cardiovascular and gut health in women,data/raw/images/fakehealth/fh_news_reviews_00066_00242.jpg,0,fakehealth
Nanoparticles loaded with component of common spice kill cancer cells,data/raw/images/fakehealth/fh_news_reviews_00193_00243.jpg,0,fakehealth
"KVK Tech Announces FDA-Approval of Lomaira™ (phentermine hydrochloride USP) 8 mg tablets, CIV, A Low-Cost, Low-Dose Phentermine That Can Be Used Up To Three Times Daily for Weight Reduction",data/raw/images/fakehealth/fh_news_reviews_00360_00244.jpg,1,fakehealth
"Vegetarian diets almost twice as effective in reducing body weight, study finds",data/raw/images/fakehealth/fh_news_reviews_00216_00245.jpg,0,fakehealth
"Oregano, Thyme May Hold the Cure for Wasting Syndrome Disease",data/raw/images/fakehealth/fh_news_reviews_00191_00246.jpg,0,fakehealth
Free lung-cancer screening in the Augusta area finds more than double the cancer rate of previous screenings,data/raw/images/fakehealth/fh_news_reviews_00266_00247.jpg,1,fakehealth
"Treating First Time Shoulder Dislocations with Surgery Can Benefit Young Athletes, Study Shows",data/raw/images/fakehealth/fh_news_reviews_00397_00249.jpg,0,fakehealth
"Migraine surgery produces 'dramatic improvements' in functioning, study finds",data/raw/images/fakehealth/fh_news_reviews_00127_00250.jpg,0,fakehealth
Simple measures can reduce post-operative cognitive dysfunction in older patients,data/raw/images/fakehealth/fh_news_reviews_00403_00251.jpg,1,fakehealth
Measuring new hormone may reduce teenagers wrongly diagnosed with PCOS,data/raw/images/fakehealth/fh_news_reviews_00364_00252.jpg,1,fakehealth
Theranostic drug personalizes prostate cancer imaging and therapy,data/raw/images/fakehealth/fh_news_reviews_00574_00253.jpg,0,fakehealth
Proton therapy controls common pediatric brain tumor with fewer long-term side effects,data/raw/images/fakehealth/fh_news_reviews_00488_00255.jpg,1,fakehealth
Good long-term improvement after 'reverse' shoulder replacement in patients under 60,data/raw/images/fakehealth/fh_news_reviews_00152_00257.jpg,1,fakehealth
"Cardiac stem cells from young hearts could rejuvenate old hearts, new study shows",data/raw/images/fakehealth/fh_news_reviews_00185_00258.jpg,0,fakehealth
FDA approves Trulance for Chronic Idiopathic Constipation,data/raw/images/fakehealth/fh_news_reviews_00292_00259.jpg,1,fakehealth
FDA allows marketing of cooling cap to reduce hair loss during chemotherapy,data/raw/images/fakehealth/fh_news_reviews_00505_00261.jpg,1,fakehealth
New cancer drug can prevent reactions to common airborne allergens,data/raw/images/fakehealth/fh_news_reviews_00227_00262.jpg,0,fakehealth
New Biochip-Based Blood Test Detects Elevated Risk for Alzheimer's Disease,data/raw/images/fakehealth/fh_news_reviews_00385_00263.jpg,0,fakehealth
Promising New Leprosy Vaccine Moves Into Human Trials,data/raw/images/fakehealth/fh_news_reviews_00157_00264.jpg,1,fakehealth
Yes Please to Yogurt and Cheese: The New Improved Mediterranean Diet,data/raw/images/fakehealth/fh_news_reviews_00003_00265.jpg,0,fakehealth
Stem Cells Shows Promise For Repairing Torn Meniscus,data/raw/images/fakehealth/fh_news_reviews_00054_00267.jpg,0,fakehealth
FDA approves Intrarosa for postmenopausal women experiencing pain during sex,data/raw/images/fakehealth/fh_news_reviews_00327_00268.jpg,1,fakehealth
"Curcumin Improves Memory and Mood, New UCLA Study Says",data/raw/images/fakehealth/fh_news_reviews_00119_00271.jpg,0,fakehealth
"International Study Finds Effective, Less Toxic Way to Treat Brain Tumors",data/raw/images/fakehealth/fh_news_reviews_00389_00274.jpg,1,fakehealth
"Devenish Announces World's First Naturally Enriched Omega-3 Chicken and Eggs With Proven Health Claims - Likely to Reduce Risk of Heart Attack, Stroke, Dementia and Depression",data/raw/images/fakehealth/fh_news_reviews_00143_00276.jpg,0,fakehealth
Breakthrough Study Stops Fat-Eating Prostate Cancer Cells,data/raw/images/fakehealth/fh_news_reviews_00232_00277.jpg,0,fakehealth
First-in-Canada Implant of Novel Sensor Device for Heart Failure Patients,data/raw/images/fakehealth/fh_news_reviews_00210_00280.jpg,0,fakehealth
Increasing the Odds of Prostate Cancer Detection,data/raw/images/fakehealth/fh_news_reviews_00387_00287.jpg,0,fakehealth
New Data From the Elekta Lung Research Group Support the use of Stereotactic Body Radiation Therapy in Elderly Patients With Early-stage Lung Cancer,data/raw/images/fakehealth/fh_news_reviews_00213_00291.jpg,0,fakehealth
Statins May Provide Treatment Alternative for Chronic Liver Disease,data/raw/images/fakehealth/fh_news_reviews_00257_00293.jpg,1,fakehealth
Pre and Post Testing Show Reversal of Memory Loss From Alzheimer’s Disease in Ten Patients,data/raw/images/fakehealth/fh_news_reviews_00407_00296.jpg,0,fakehealth
Chrono Therapeutics' Smoking Cessation Technology Demonstrates Significant Reduction in Nicotine Cravings,data/raw/images/fakehealth/fh_news_reviews_00469_00298.jpg,0,fakehealth
Cannabis Derivative Cannabidiol Reduces Seizures in Severe Epilepsy Disorder,data/raw/images/fakehealth/fh_news_reviews_00224_00299.jpg,1,fakehealth
Annual Mammography Starting at Age 40 Still Best Way to Saves Lives from Breast Cancer,data/raw/images/fakehealth/fh_news_reviews_00543_00301.jpg,1,fakehealth
Clinical Study Verifies HSRx OTC Drug Product For Joint Pain Delivers Faster And More Effective Treatment Results Than A Current Market Leading Product,data/raw/images/fakehealth/fh_news_reviews_00332_00305.jpg,0,fakehealth
First-ever prostate cancer treatment uses gold nanoparticles to destroy tumorous cells,data/raw/images/fakehealth/fh_news_reviews_00014_00311.jpg,0,fakehealth
FDA approves new psoriasis drug,data/raw/images/fakehealth/fh_news_reviews_00281_00316.jpg,1,fakehealth
"Massage Therapy May Boost Immune System to Combat Cold, Flu",data/raw/images/fakehealth/fh_news_reviews_00527_00318.jpg,0,fakehealth
California man's research leads him to Beaumont's Proton Therapy Center in Michigan,data/raw/images/fakehealth/fh_news_reviews_00061_00325.jpg,0,fakehealth
"New Breast Reconstruction Technique Provides Better Outcomes, Less Discomfort for Women Recovering From Breast Cancer",data/raw/images/fakehealth/fh_news_reviews_00470_00326.jpg,0,fakehealth
Impact of first federally funded anti-smoking ad campaign remains strong after three years,data/raw/images/fakehealth/fh_news_reviews_00459_00335.jpg,1,fakehealth
Rush is First to Use Microburst Vagus Nerve Stimulation for Drug-Resistant Epilepsy,data/raw/images/fakehealth/fh_news_reviews_00075_00338.jpg,0,fakehealth
New Data Establishes Image Guided Treatment Option for Prostate Cancer as an Alternative to Surgery by Reducing Recovery Times and Lower Side Effects,data/raw/images/fakehealth/fh_news_reviews_00510_00339.jpg,0,fakehealth
Single Dose of Hallucinogenic Drug Psilocybin Relieves Anxiety and Depression in Patients with Advanced Cancer,data/raw/images/fakehealth/fh_news_reviews_00322_00346.jpg,1,fakehealth
Alzheimer's Disease Prevention: New Journal Article Highlights Benefits of Meditation and Spiritual Fitness,data/raw/images/fakehealth/fh_news_reviews_00564_00349.jpg,1,fakehealth
Study Results Published in JAMA Conclude that 3D MAMMOGRAPHY™ Exams Outperform Conventional Mammography for Women with Both Dense and Nondense Breasts,data/raw/images/fakehealth/fh_news_reviews_00438_00360.jpg,0,fakehealth
FDA approves Epclusa for treatment of chronic Hepatitis C virus infection,data/raw/images/fakehealth/fh_news_reviews_00400_00373.jpg,1,fakehealth
Viscosupplementation Recommended For Appropriate Patients with Knee Osteoarthritis,data/raw/images/fakehealth/fh_news_reviews_00519_00374.jpg,0,fakehealth
Noninvasive Imaging Test Shown Accurate in Ruling Out Kidney Cancers,data/raw/images/fakehealth/fh_news_reviews_00243_00376.jpg,1,fakehealth
Are You At Risk? 5 Different Types of Prostate Cancer Found,data/raw/images/fakehealth/fh_news_reviews_00552_00377.jpg,0,fakehealth
FDA Approves Bayer's Kyleena™ (Levonorgestrel-Releasing Intrauterine System) 19.5 mg for Prevention of Pregnancy for up to Five Years,data/raw/images/fakehealth/fh_news_reviews_00361_00379.jpg,1,fakehealth
"Allergan Granted Marketing Authorization by the FDA for TrueTear™, the First Intranasal Neurostimulating Device Proven to Temporarily Increase Tear Production",data/raw/images/fakehealth/fh_news_reviews_00241_00381.jpg,0,fakehealth
SBRT Offers Curative Option for Lung Cancer Patients Age 80 and Older,data/raw/images/fakehealth/fh_news_reviews_00261_00388.jpg,0,fakehealth
Blood Test Predicts Treatment Response and Survival for Patients with Metastatic Prostate Cancer,data/raw/images/fakehealth/fh_news_reviews_00059_00397.jpg,0,fakehealth
XARELTO® (rivaroxaban) Associated with Significantly Reduced Time in Hospital and Decreased Costs Compared to Standard of Care in New Study of Patients with Low-Risk Pulmonary Embolism (PE),data/raw/images/fakehealth/fh_news_reviews_00064_00399.jpg,1,fakehealth
Estrogen Patch in Newly Postmenopausal Women May Reduce Alzheimer’s Risk,data/raw/images/fakehealth/fh_news_reviews_00393_00400.jpg,1,fakehealth
Fecal transplant effective against immunotherapy-induced colitis,data/raw/images/fakehealth/fh_news_reviews_00015_00401.jpg,0,fakehealth
First-Ever Rapid Response Test for Levels of Bifidobacterium in Baby's Gut Microbiome,data/raw/images/fakehealth/fh_news_reviews_00032_00408.jpg,0,fakehealth
New Real-World Study Finds Long-Term XARELTO® (rivaroxaban) Use Resulted in Fewer Strokes and Systemic Emboli Compared to Warfarin in Frail Patients with Non-Valvular Atrial Fibrillation,data/raw/images/fakehealth/fh_news_reviews_00070_00412.jpg,0,fakehealth
‘Miracle Patient’ Finds New Hope with Breast Cancer Vaccine,data/raw/images/fakehealth/fh_news_reviews_00311_00423.jpg,0,fakehealth
Studies Show Oral Testosterone Safe and Efficacious in Long-term Management of Hypogonadism,data/raw/images/fakehealth/fh_news_reviews_00430_00424.jpg,1,fakehealth
HETLIOZ® (tasimelteon) Demonstrates Efficacy to Treat Jet Lag Disorder in an 8 Hour Phase Advance Clinical Study,data/raw/images/fakehealth/fh_news_reviews_00102_00426.jpg,0,fakehealth
Immunotherapy Drug Becomes First Therapy Approved by FDA for Rare Skin Cancer,data/raw/images/fakehealth/fh_news_reviews_00259_00427.jpg,1,fakehealth
Lung Cancer Breath ‘Signature’ Presents Promise for Earlier Diagnosis,data/raw/images/fakehealth/fh_news_reviews_00414_00432.jpg,1,fakehealth
Creative Medical Technology Holdings Announces Commercialization of patented Stem Cell Procedure for Erectile Dysfunction,data/raw/images/fakehealth/fh_news_reviews_00155_00435.jpg,0,fakehealth
Shire Announces Positive Results of SHP465 Safety and Efficacy Study in Children and Adolescents with ADHD,data/raw/images/fakehealth/fh_news_reviews_00448_00450.jpg,1,fakehealth
New Non-Surgical Treatment Freezes Breast Cancer in its Tracks,data/raw/images/fakehealth/fh_news_reviews_00532_00459.jpg,1,fakehealth
Nucleix Announces Positive Clinical Results for Lung EpiCheck in Early Detection of Lung Cancer,data/raw/images/fakehealth/fh_news_reviews_00036_00460.jpg,0,fakehealth
Gastric Balloon in a Pill Helps Patients Lose Weight Without Surgery or Endoscopy,data/raw/images/fakehealth/fh_news_reviews_00523_00461.jpg,1,fakehealth
Weekly Non-invasive Brain Stimulation Provides Long-Term Relief of Post-Stroke Pain,data/raw/images/fakehealth/fh_news_reviews_00576_00464.jpg,1,fakehealth
Want a Better Memory? Try Eating a Mediterranean Diet,data/raw/images/fakehealth/fh_news_reviews_00380_00465.jpg,0,fakehealth
Could Body Posture During Sleep Affect How Your Brain Clears Waste?,data/raw/images/fakehealth/fh_news_reviews_00559_00467.jpg,0,fakehealth
Amgen Announces Repatha® (Evolocumab) Significantly Reduced The Risk Of Cardiovascular Events In FOURIER Outcomes Study,data/raw/images/fakehealth/fh_news_reviews_00288_00474.jpg,1,fakehealth
Cancer drug 49 times more potent than Cisplatin,data/raw/images/fakehealth/fh_news_reviews_00566_00476.jpg,1,fakehealth
Preliminary Data from Study Demonstrates 94% Accuracy in Detecting Aggressive Prostate Cancer,data/raw/images/fakehealth/fh_news_reviews_00044_00478.jpg,0,fakehealth
Reducing Radiation Successfully Treats HPV-Positive Oropharynx Cancers and Minimizes Side Effects,data/raw/images/fakehealth/fh_news_reviews_00309_00481.jpg,0,fakehealth
Joslin Researchers Conduct First Trial Directly Comparing Drugs for Diabetic Macular Edema and Find All are Effective,data/raw/images/fakehealth/fh_news_reviews_00604_00485.jpg,1,fakehealth
Vitamin C May Reduce Harm to Infants’ Lungs Caused by Smoking During Pregnancy;,data/raw/images/fakehealth/fh_news_reviews_00006_00487.jpg,0,fakehealth
Growth hormone reduces risk of osteoporosis fractures in older women,data/raw/images/fakehealth/fh_news_reviews_00551_00488.jpg,0,fakehealth
Medimetriks announces the results of a successful Phase 2 trial of MM36 in Atopic Dermatitis; Study results and design published in the Journal of the American Academy of Dermatology (JAAD),data/raw/images/fakehealth/fh_news_reviews_00421_00495.jpg,1,fakehealth
"New Study Shows Ketamine May Regenerate Brain Cells, Relieving Depression with Lasting Benefit",data/raw/images/fakehealth/fh_news_reviews_00463_00497.jpg,0,fakehealth
Strategic brain training positively affects neural connectivity for individuals with TBI,data/raw/images/fakehealth/fh_news_reviews_00225_00498.jpg,1,fakehealth
Breast MRI after mammography may identify additional aggressive cancers,data/raw/images/fakehealth/fh_news_reviews_00513_00509.jpg,1,fakehealth
UT Southwestern research shows 98 percent cure rate for prostate cancer using SBRT,data/raw/images/fakehealth/fh_news_reviews_00444_00511.jpg,0,fakehealth
Breast cancer prognosis of African-American patients may improve with chemotherapy before surgery,data/raw/images/fakehealth/fh_news_reviews_00295_00512.jpg,1,fakehealth
Surgical probe seeks out where cancer ends and healthy tissue begins,data/raw/images/fakehealth/fh_news_reviews_00547_00514.jpg,1,fakehealth
Therapy proves effective in subgroup of COPD patients,data/raw/images/fakehealth/fh_news_reviews_00170_00515.jpg,1,fakehealth
New drug clears psoriasis in clinical trials,data/raw/images/fakehealth/fh_news_reviews_00412_00516.jpg,1,fakehealth
Exact Sciences and Mayo Clinic study shows promise of new blood-based lung cancer test,data/raw/images/fakehealth/fh_news_reviews_00272_00517.jpg,1,fakehealth
Low-dose lithium reduces side effects from most common treatment for Parkinson's disease,data/raw/images/fakehealth/fh_news_reviews_00562_00518.jpg,1,fakehealth
New study from KKI shows feasibility of acupuncture in young children with ASD,data/raw/images/fakehealth/fh_news_reviews_00212_00519.jpg,0,fakehealth
Investigational dose of oral interferon-free treatment can cure hepatitis C in children,data/raw/images/fakehealth/fh_news_reviews_00244_00520.jpg,1,fakehealth
Anti-rejection medications for transplant recipients protect against Alzheimer's disease,data/raw/images/fakehealth/fh_news_reviews_00577_00528.jpg,1,fakehealth
New apps designed to reduce depression and anxiety as easily as checking your phone,data/raw/images/fakehealth/fh_news_reviews_00306_00529.jpg,1,fakehealth
"Soy, cruciferous vegetables associated with fewer common breast cancer treatment side effects",data/raw/images/fakehealth/fh_news_reviews_00134_00530.jpg,1,fakehealth
"Anti-inflammatory drugs could help treat symptoms of depression, study suggests",data/raw/images/fakehealth/fh_news_reviews_00345_00531.jpg,1,fakehealth
"Timely use of Novartis' Entresto could prevent or postpone over 28,000 US deaths per year among HFrEF patients, according to an expert analysis in JAMA Cardiology",data/raw/images/fakehealth/fh_news_reviews_00405_00532.jpg,1,fakehealth
UTA researcher patents “roach motel” for cancer,data/raw/images/fakehealth/fh_news_reviews_00073_00533.jpg,0,fakehealth
Older patients with knee pain may benefit from allograft transplant technique,data/raw/images/fakehealth/fh_news_reviews_00057_00534.jpg,0,fakehealth
Generic heart medication shown to prolong ovarian cancer patients' survival,data/raw/images/fakehealth/fh_news_reviews_00554_00535.jpg,1,fakehealth
Scientifically-designed fasting diet lowers risks for major diseases,data/raw/images/fakehealth/fh_news_reviews_00279_00536.jpg,0,fakehealth
Novel Imaging Technique Improves Prostate Cancer Detection,data/raw/images/fakehealth/fh_news_reviews_00586_00537.jpg,0,fakehealth
Novel Test Distinguishes Atypical Moles From Melanoma,data/raw/images/fakehealth/fh_news_reviews_00369_00538.jpg,1,fakehealth
"Study Reveals Ways to Improve Outcomes, Reduce Costs for Common Heart Procedure",data/raw/images/fakehealth/fh_news_reviews_00276_00539.jpg,1,fakehealth
"Self-Adhesive Dressing Generates Electrical Current That Promotes Healing, Reduces Infection Risk",data/raw/images/fakehealth/fh_news_reviews_00353_00540.jpg,1,fakehealth
"Peanuts, peanut butter may hold key to preventing obesity",data/raw/images/fakehealth/fh_news_reviews_00468_00541.jpg,0,fakehealth
Prevention of Genetic Breast Cancer Within Reach,data/raw/images/fakehealth/fh_news_reviews_00419_00544.jpg,0,fakehealth
"Mesothelioma Surgery Improves Quality of Life, Study Finds",data/raw/images/fakehealth/fh_news_reviews_00413_00550.jpg,0,fakehealth
Glaucoma Drug-Dispensing Eye Insert Shows Promise as New Option for Patients Struggling to Take Daily Prescription Eye Drops,data/raw/images/fakehealth/fh_news_reviews_00433_00557.jpg,1,fakehealth
"Arthrokinex Announces IRAPjoint Product, a Non-Drug, Non-Surgical Joint Pain Management Solution Made From Your Own Blood.",data/raw/images/fakehealth/fh_news_reviews_00173_00559.jpg,0,fakehealth
Researchers Develop Simple Paper Test That Quickly Diagnoses Illnesses by Changing Colour,data/raw/images/fakehealth/fh_news_reviews_00495_00563.jpg,0,fakehealth
Lap Band Surgery Benefits Very Obese Adolescents,data/raw/images/fakehealth/fh_news_reviews_00296_00564.jpg,1,fakehealth
"""Liquid biopsy"" test improves health outcomes and can save over $500 million annually for the U.S. healthcare system",data/raw/images/fakehealth/fh_news_reviews_00048_00568.jpg,0,fakehealth
Fighting Advanced Thyroid Cancer with Immunotherapy,data/raw/images/fakehealth/fh_news_reviews_00418_00571.jpg,1,fakehealth
FDA approves expanded indications for Ilaris for three rare diseases,data/raw/images/fakehealth/fh_news_reviews_00356_00576.jpg,1,fakehealth
Two New Studies Document Improvement in Breast Cancer Treatment with Use of BioZorb Implant,data/raw/images/fakehealth/fh_news_reviews_00339_00580.jpg,1,fakehealth
Expanding Naloxone use could reduce drug overdose deaths and save lives,data/raw/images/fakehealth/fh_news_reviews_00593_00582.jpg,0,fakehealth
Websites aren't telling full story on tobacco product risks,data/raw/images/fakehealth/fh_news_reviews_00441_00584.jpg,0,fakehealth
FDA approves first drug to treat hallucinations and delusions associated with Parkinson’s disease,data/raw/images/fakehealth/fh_news_reviews_00435_00585.jpg,1,fakehealth
New Antibiotic Packs a Punch Against Bacterial Resistance,data/raw/images/fakehealth/fh_news_reviews_00223_00589.jpg,0,fakehealth
New Phase 3 Data Show Esketamine Nasal Spray Demonstrated Rapid Improvements in Depressive Symptoms in Patients with Treatment-Resistant Depression,data/raw/images/fakehealth/fh_news_reviews_00078_00590.jpg,1,fakehealth
"To Prevent Infection After C-Section, Chlorhexidine Better Than Iodine",data/raw/images/fakehealth/fh_news_reviews_00486_00594.jpg,1,fakehealth
"In small Alzheimer’s study, hints of modest benefit from unusual drug",data/raw/images/fakehealth/fh_story_reviews_00243_00599.jpg,1,fakehealth
"Orthotic Shoe Inserts May Work, but It’s Not Clear Why",data/raw/images/fakehealth/fh_story_reviews_01236_00601.jpg,0,fakehealth
Should you be taking daily low-dose aspirin for heart health?,data/raw/images/fakehealth/fh_story_reviews_00459_00606.jpg,1,fakehealth
What is melatonin and can it help me sleep?,data/raw/images/fakehealth/fh_story_reviews_00374_00607.jpg,1,fakehealth
Seeking Clues to Heart Disease in DNA of an Unlucky Family,data/raw/images/fakehealth/fh_story_reviews_00731_00610.jpg,1,fakehealth
FDA approves new flu pill that can be taken after onset of symptoms,data/raw/images/fakehealth/fh_story_reviews_00016_00612.jpg,0,fakehealth
Researchers identify CTE biomarker that may lead to diagnosis while alive,data/raw/images/fakehealth/fh_story_reviews_00165_00615.jpg,1,fakehealth
Stem Cell Treatment May Relieve Angina,data/raw/images/fakehealth/fh_story_reviews_01055_00616.jpg,1,fakehealth
Panic disorder treatment could be breath of fresh air,data/raw/images/fakehealth/fh_story_reviews_00510_00617.jpg,1,fakehealth
New Mammogram Benefits for Women in Their 40s,data/raw/images/fakehealth/fh_story_reviews_00916_00618.jpg,0,fakehealth
Prenatal testing can detect cancer in pregnant mothers,data/raw/images/fakehealth/fh_story_reviews_00580_00620.jpg,0,fakehealth
You Could Skip Your Colonoscopy If You’re Willing To Collect Your Poop,data/raw/images/fakehealth/fh_story_reviews_00383_00624.jpg,1,fakehealth
The alternative infertility treatment that's helping some women get pregnant,data/raw/images/fakehealth/fh_story_reviews_00509_00626.jpg,1,fakehealth
Cancer treatment offers MS patients hope after 'remarkable' trial results,data/raw/images/fakehealth/fh_story_reviews_00493_00627.jpg,0,fakehealth
Do Probiotics Relieve Constipation in Children?,data/raw/images/fakehealth/fh_story_reviews_01087_00629.jpg,1,fakehealth
Looming ruling on breast cancer drug splits patient advocates,data/raw/images/fakehealth/fh_story_reviews_01410_00630.jpg,1,fakehealth
"Web-based counseling reduces blood pressure, according to a new study",data/raw/images/fakehealth/fh_story_reviews_00265_00635.jpg,1,fakehealth
Preventive medicines can help migraine sufferers,data/raw/images/fakehealth/fh_story_reviews_00876_00636.jpg,1,fakehealth
New Drug for Severe Eczema Is Successful in 2 New Trials,data/raw/images/fakehealth/fh_story_reviews_00351_00638.jpg,1,fakehealth
Can new cholesterol drug conquer heart disease?,data/raw/images/fakehealth/fh_story_reviews_01309_00639.jpg,0,fakehealth
Parents' Latest Pick: Herbal Shampoos to Keep Away Lice,data/raw/images/fakehealth/fh_story_reviews_00957_00640.jpg,1,fakehealth
HPV Shot Prevents Genital Warts in Boys and Men,data/raw/images/fakehealth/fh_story_reviews_01220_00642.jpg,1,fakehealth
Scientists Edge Closer To A Blood Test To Detect Cancers,data/raw/images/fakehealth/fh_story_reviews_00120_00643.jpg,1,fakehealth
Study: ADHD Diet Helps Reduce Symptoms,data/raw/images/fakehealth/fh_story_reviews_01219_00644.jpg,0,fakehealth
Type 1 diabetes treatment could end need for insulin shots,data/raw/images/fakehealth/fh_story_reviews_00432_00645.jpg,0,fakehealth
Mammogram Benefit Is Seen for Women in Their 40s,data/raw/images/fakehealth/fh_story_reviews_01382_00646.jpg,1,fakehealth
Zap or Chill? Targeting Fat Without Surgery,data/raw/images/fakehealth/fh_story_reviews_01645_00649.jpg,1,fakehealth
What’s The Optimal Speed For Exercise?,data/raw/images/fakehealth/fh_story_reviews_00576_00654.jpg,1,fakehealth
Having Heart Surgery? Don’t Stop Your Statins,data/raw/images/fakehealth/fh_story_reviews_00267_00656.jpg,1,fakehealth
2 Treatments for Retina Diseases Make Progress,data/raw/images/fakehealth/fh_story_reviews_01303_00661.jpg,1,fakehealth
"Mediterranean diet may help prevent dementia, study says",data/raw/images/fakehealth/fh_story_reviews_01643_00662.jpg,1,fakehealth
Novel therapy for rare eye cancer holds promise for targeting other tumors,data/raw/images/fakehealth/fh_story_reviews_00244_00664.jpg,1,fakehealth
How to Prevent a Heart Attack: Text Patients on Healthy Habits,data/raw/images/fakehealth/fh_story_reviews_00405_00666.jpg,1,fakehealth
Teen eating habits may help cut breast cancer risk,data/raw/images/fakehealth/fh_story_reviews_00488_00667.jpg,1,fakehealth
"New Device Reduces Seizures, No Surgery Required",data/raw/images/fakehealth/fh_story_reviews_01040_00669.jpg,0,fakehealth
Electronic Nose Sniffs Out Heart Failure,data/raw/images/fakehealth/fh_story_reviews_01009_00670.jpg,1,fakehealth
Is kratom a safe herbal remedy or a dangerous opioid?,data/raw/images/fakehealth/fh_story_reviews_00092_00674.jpg,1,fakehealth
Microwave Technique Fights Lung Tumors,data/raw/images/fakehealth/fh_story_reviews_00966_00677.jpg,1,fakehealth
"Flattening The 'Mummy Tummy' With 1 Exercise, 10 Minutes A Day",data/raw/images/fakehealth/fh_story_reviews_00189_00679.jpg,1,fakehealth
Fungus Got Your Toes? Zap It,data/raw/images/fakehealth/fh_story_reviews_01191_00680.jpg,1,fakehealth
Cancer Drug Keytruda Keeps Some Patients Alive For 3 Years,data/raw/images/fakehealth/fh_story_reviews_00431_00681.jpg,1,fakehealth
Lots of Coffee Lowers Oral Cancer Risk,data/raw/images/fakehealth/fh_story_reviews_01526_00682.jpg,0,fakehealth
Sleep's role in weight loss remains a mystery,data/raw/images/fakehealth/fh_story_reviews_01591_00686.jpg,1,fakehealth
Early Autism Treatment Benefits Kids' Brains,data/raw/images/fakehealth/fh_story_reviews_00798_00687.jpg,0,fakehealth
New Eczema Treatments Could Be Available Soon,data/raw/images/fakehealth/fh_story_reviews_00424_00689.jpg,1,fakehealth
Can Ecstasy help ease post-traumatic stress?,data/raw/images/fakehealth/fh_story_reviews_01495_00692.jpg,0,fakehealth
Less Invasive Heart Defibrillators Seen Closer to Reality,data/raw/images/fakehealth/fh_story_reviews_01561_00694.jpg,1,fakehealth
Researchers just exposed another way to help combat the opioid epidemic,data/raw/images/fakehealth/fh_story_reviews_00263_00695.jpg,0,fakehealth
"Melatonin Makes a Comeback, Leaving Experts Unrelaxed",data/raw/images/fakehealth/fh_story_reviews_01093_00697.jpg,1,fakehealth
Options in Treating Incontinence,data/raw/images/fakehealth/fh_story_reviews_00806_00700.jpg,0,fakehealth
The FDA Says This Brain-Stimulating Device May Help People With Obsessive-Compulsive Disorder,data/raw/images/fakehealth/fh_story_reviews_00038_00702.jpg,1,fakehealth
First Biosynthetic Corneas Implanted,data/raw/images/fakehealth/fh_story_reviews_01444_00707.jpg,1,fakehealth
Mammogram benefits more modest than doctors thought,data/raw/images/fakehealth/fh_story_reviews_01400_00710.jpg,1,fakehealth
Vitamin B3 could help reduce skin cancer risk,data/raw/images/fakehealth/fh_story_reviews_00619_00711.jpg,1,fakehealth
Trial Shows Cystic Fibrosis Drug Helped Ease Breathing,data/raw/images/fakehealth/fh_story_reviews_01186_00715.jpg,1,fakehealth
Experimental Therapy For Sore Heels Has Skeptics,data/raw/images/fakehealth/fh_story_reviews_01353_00716.jpg,1,fakehealth
Giving Antidepressants a Boost With a Vitamin,data/raw/images/fakehealth/fh_story_reviews_00946_00717.jpg,1,fakehealth
Two new drugs extend survival for melanoma patients,data/raw/images/fakehealth/fh_story_reviews_01077_00718.jpg,1,fakehealth
Salsalate May Help Treat Type 2 Diabetes,data/raw/images/fakehealth/fh_story_reviews_01614_00720.jpg,1,fakehealth
Can relaxation drinks put you to sleep?,data/raw/images/fakehealth/fh_story_reviews_01205_00721.jpg,1,fakehealth
Ankles Gain as Candidates for Joint Replacement,data/raw/images/fakehealth/fh_story_reviews_01668_00725.jpg,0,fakehealth
Study Questions Guidelines on Cholesterol Screening in Kids,data/raw/images/fakehealth/fh_story_reviews_01506_00726.jpg,0,fakehealth
Dallas-Fort Worth Health News,data/raw/images/fakehealth/fh_story_reviews_01158_00727.jpg,0,fakehealth
The real importance of getting a pap smear and pelvic exam,data/raw/images/fakehealth/fh_story_reviews_00638_00729.jpg,0,fakehealth
New study shows promise of yoga in treating back pain,data/raw/images/fakehealth/fh_story_reviews_00214_00730.jpg,0,fakehealth
"Palliative Care Extends Life of Lung Cancer Patients, Study Finds",data/raw/images/fakehealth/fh_story_reviews_01455_00731.jpg,1,fakehealth
New Test for Brain Injury on Horizon,data/raw/images/fakehealth/fh_story_reviews_01491_00732.jpg,1,fakehealth
The race to create a new class of ovarian cancer drugs heats up,data/raw/images/fakehealth/fh_story_reviews_00346_00734.jpg,1,fakehealth
Obesity Cure? Scientists Discover Antibody That Reduces Body Fat in Mice,data/raw/images/fakehealth/fh_story_reviews_00228_00737.jpg,0,fakehealth
Scientists Edge Closer To Elusive Lab Test For Chronic Fatigue Syndrome,data/raw/images/fakehealth/fh_story_reviews_00193_00738.jpg,1,fakehealth
A Cavity-Fighting Liquid Lets Kids Avoid Dentists’ Drills,data/raw/images/fakehealth/fh_story_reviews_00397_00739.jpg,1,fakehealth
Panel Says Aspirin Lowers Heart Attack Risk For Some,data/raw/images/fakehealth/fh_story_reviews_00545_00743.jpg,1,fakehealth
How Exercise Keeps Us Young,data/raw/images/fakehealth/fh_story_reviews_00724_00746.jpg,1,fakehealth
Study Finds Stents as Effective as Surgery to Prevent Strokes,data/raw/images/fakehealth/fh_story_reviews_01628_00749.jpg,1,fakehealth
The Healthy Skeptic: telomerase activators,data/raw/images/fakehealth/fh_story_reviews_01271_00750.jpg,1,fakehealth
"For advanced lung cancer, immune therapy plus chemo prolongs survival",data/raw/images/fakehealth/fh_story_reviews_00082_00751.jpg,1,fakehealth
Mammograms Less Effective Than Believed,data/raw/images/fakehealth/fh_story_reviews_01399_00752.jpg,1,fakehealth
Major study finds testosterone therapy is no fountain of youth,data/raw/images/fakehealth/fh_story_reviews_00281_00755.jpg,1,fakehealth
Ebola Vaccines Show Promise in New Study,data/raw/images/fakehealth/fh_story_reviews_00157_00756.jpg,1,fakehealth
Stem cell therapies for hearts inching closer to wide use,data/raw/images/fakehealth/fh_story_reviews_01690_00764.jpg,1,fakehealth
'Breakthrough' melanoma drug shrinks tumors,data/raw/images/fakehealth/fh_story_reviews_01441_00765.jpg,1,fakehealth
Older Patients Can Benefit From Lung Cancer Surgery,data/raw/images/fakehealth/fh_story_reviews_00326_00766.jpg,0,fakehealth
Skin Cancer Removal With Miniaturized Radiation,data/raw/images/fakehealth/fh_story_reviews_00640_00768.jpg,1,fakehealth
Gene test could assist cancer therapy,data/raw/images/fakehealth/fh_story_reviews_00960_00769.jpg,1,fakehealth
FDA approves 1st blood sugar monitor without finger pricks,data/raw/images/fakehealth/fh_story_reviews_00163_00772.jpg,1,fakehealth
"New approach could treat MS, other autoimmune diseases",data/raw/images/fakehealth/fh_story_reviews_00788_00776.jpg,1,fakehealth
Immune-Disorder Drug Shows Promise for Alzheimer's,data/raw/images/fakehealth/fh_story_reviews_00841_00779.jpg,1,fakehealth
Men Are New Target for Osteoporosis Treatment,data/raw/images/fakehealth/fh_story_reviews_00649_00781.jpg,1,fakehealth
Using a Mother’s Microbes to Protect Cesarean Babies,data/raw/images/fakehealth/fh_story_reviews_00486_00782.jpg,1,fakehealth
Gallbladder removed through mouth in new surgical technique,data/raw/images/fakehealth/fh_story_reviews_01508_00783.jpg,0,fakehealth
Experimental treatment may help food allergies,data/raw/images/fakehealth/fh_story_reviews_00906_00784.jpg,0,fakehealth
Drugmakers Call Experimental Alzheimer’s Drug Study Outcome Positive,data/raw/images/fakehealth/fh_story_reviews_00053_00785.jpg,1,fakehealth
New Frontiers of Cancer Treatment Bring Breathtaking Swings,data/raw/images/fakehealth/fh_story_reviews_00845_00787.jpg,1,fakehealth
"Stem cell study for ALS patients shows promise, yet causes pain",data/raw/images/fakehealth/fh_story_reviews_00403_00788.jpg,1,fakehealth
Light Boxes May Help Melt Those Winter Blues,data/raw/images/fakehealth/fh_story_reviews_00968_00790.jpg,1,fakehealth
Spinal tap may predict Alzheimer's years ahead,data/raw/images/fakehealth/fh_story_reviews_00949_00792.jpg,1,fakehealth
"Cartilage regeneration builds a new knee, from the inside",data/raw/images/fakehealth/fh_story_reviews_01393_00796.jpg,0,fakehealth
Anti-inflammatory drugs might someday treat depression,data/raw/images/fakehealth/fh_story_reviews_00343_00797.jpg,1,fakehealth
Cuddling Preemies Kangaroo Style Helps Into Adulthood,data/raw/images/fakehealth/fh_story_reviews_00315_00799.jpg,1,fakehealth
Test May Reveal Early Signs of Emphysema,data/raw/images/fakehealth/fh_story_reviews_01597_00800.jpg,0,fakehealth
Aspirin Linked to Lower Pancreatic Cancer Risk,data/raw/images/fakehealth/fh_story_reviews_01139_00801.jpg,0,fakehealth
New Study Questions Use of Whole-Brain Radiation to Treat Cancer,data/raw/images/fakehealth/fh_story_reviews_00610_00802.jpg,1,fakehealth
Zafgen reports promising results from weight-loss drug study,data/raw/images/fakehealth/fh_story_reviews_00490_00803.jpg,1,fakehealth
Quest for Vaccines to Treat Addiction,data/raw/images/fakehealth/fh_story_reviews_01108_00805.jpg,1,fakehealth
Trial Shows Blockbuster Potential for Blood Clot Pill Eliquis,data/raw/images/fakehealth/fh_story_reviews_01012_00807.jpg,1,fakehealth
FDA approves first dissolving stent for US patients,data/raw/images/fakehealth/fh_story_reviews_00400_00810.jpg,1,fakehealth
The new Botox? FDA approves an injection to fight double chins,data/raw/images/fakehealth/fh_story_reviews_00632_00812.jpg,1,fakehealth
Test Of Experimental Alzheimer's Drug Finds Progress Against Brain Plaques,data/raw/images/fakehealth/fh_story_reviews_00368_00814.jpg,1,fakehealth
Can Attention Deficit Drugs ‘Normalize’ a Child’s Brain?,data/raw/images/fakehealth/fh_story_reviews_00695_00816.jpg,1,fakehealth
Obesity Surgery Helps Diabetic Patients Kick Medicines,data/raw/images/fakehealth/fh_story_reviews_01460_00818.jpg,1,fakehealth
Focused brain ultrasound offers some hope for essential tremor,data/raw/images/fakehealth/fh_story_reviews_00372_00819.jpg,1,fakehealth
Video News,data/raw/images/fakehealth/fh_story_reviews_01567_00820.jpg,0,fakehealth
"Multigene test may find risk for heart disease, diabetes and breast cancer",data/raw/images/fakehealth/fh_story_reviews_00041_00822.jpg,1,fakehealth
Experimental type 1 diabetes vaccine causes improvement in small study,data/raw/images/fakehealth/fh_story_reviews_00059_00823.jpg,1,fakehealth
Women With A Berry-Snacking Habit May Have Healthier Hearts,data/raw/images/fakehealth/fh_story_reviews_00762_00824.jpg,1,fakehealth
Trial Help for Sex Problems,data/raw/images/fakehealth/fh_story_reviews_01547_00825.jpg,1,fakehealth
HPV Test Beats Pap for Cervical Cancer Screening,data/raw/images/fakehealth/fh_story_reviews_01089_00826.jpg,1,fakehealth
Pacemaker-like device combined with defibrillator reduces deaths in mild heart failure by 29%,data/raw/images/fakehealth/fh_story_reviews_01319_00834.jpg,1,fakehealth
"Blood Clot Removal Could Help More Stroke Victims, Study Finds",data/raw/images/fakehealth/fh_story_reviews_00354_00837.jpg,1,fakehealth
Could marijuana help treat painkiller and heroin addiction?,data/raw/images/fakehealth/fh_story_reviews_00448_00839.jpg,1,fakehealth
Gone With A Shot? Hopeful New Signs Of Relief For Migraine Sufferers,data/raw/images/fakehealth/fh_story_reviews_00112_00840.jpg,1,fakehealth
Drugs To Prevent Weak Bones Linked To Unusual Fractures,data/raw/images/fakehealth/fh_story_reviews_01187_00841.jpg,1,fakehealth
Is Peru’s Psychedelic Potion a Cure or a Curse?,data/raw/images/fakehealth/fh_story_reviews_00446_00847.jpg,1,fakehealth
"Tai Chi, A 'Medication In Motion,' Helps People With Heart Failure",data/raw/images/fakehealth/fh_story_reviews_01117_00848.jpg,0,fakehealth
Study: PSA rise not good prostate cancer predictor,data/raw/images/fakehealth/fh_story_reviews_01183_00849.jpg,1,fakehealth
The Berry Essence of Fat Burning?,data/raw/images/fakehealth/fh_story_reviews_00799_00851.jpg,1,fakehealth
Using Vegetable Oils to Lower Cholesterol May Not Improve Longevity,data/raw/images/fakehealth/fh_story_reviews_00457_00852.jpg,1,fakehealth
New tests offer hope for millions of patients with irritable bowel syndrome,data/raw/images/fakehealth/fh_story_reviews_00617_00855.jpg,0,fakehealth
Swedish Study Finds Surgery For Prostate Cancer Better Than Waiting,data/raw/images/fakehealth/fh_story_reviews_01104_00858.jpg,1,fakehealth
Doctor Challenges Cause Of MS And Treatment,data/raw/images/fakehealth/fh_story_reviews_01224_00863.jpg,1,fakehealth
Blood Test May Predict Risk of Diabetes,data/raw/images/fakehealth/fh_story_reviews_01162_00864.jpg,0,fakehealth
Stem Cells Repair Heart in First-Ever Study,data/raw/images/fakehealth/fh_story_reviews_00970_00865.jpg,1,fakehealth
Shingles Vaccine Cuts Disease Risk 55%,data/raw/images/fakehealth/fh_story_reviews_01250_00867.jpg,1,fakehealth
Could one-two punch of generics for breast cancer be more powerful than wonder drug tamoxifen?,data/raw/images/fakehealth/fh_story_reviews_00572_00868.jpg,1,fakehealth
'Cutting' your risk of prostate cancer,data/raw/images/fakehealth/fh_story_reviews_00899_00871.jpg,1,fakehealth
Breakthrough in Creating Artificial Pancreas,data/raw/images/fakehealth/fh_story_reviews_01648_00874.jpg,0,fakehealth
"Tomato Helps Cut the Risk of a Stroke, Study Shows",data/raw/images/fakehealth/fh_story_reviews_00811_00875.jpg,1,fakehealth
"Sleep apnea patient finds rest with implant device: ""It saved my life""",data/raw/images/fakehealth/fh_story_reviews_00118_00877.jpg,0,fakehealth
Will you have a heart attack? These tests might tell,data/raw/images/fakehealth/fh_story_reviews_01020_00878.jpg,0,fakehealth
Panel Reasserts Mammogram Advice That Triggered Breast Cancer Debate,data/raw/images/fakehealth/fh_story_reviews_00495_00879.jpg,1,fakehealth
Coconuts are busting out all over,data/raw/images/fakehealth/fh_story_reviews_01233_00881.jpg,0,fakehealth
Prozac May Reduce Symptoms of Autism in Adults,data/raw/images/fakehealth/fh_story_reviews_00961_00886.jpg,1,fakehealth
U-M oversees cutting-edge trial that offers hope in fight against Lou Gehrig's disease,data/raw/images/fakehealth/fh_story_reviews_00834_00887.jpg,1,fakehealth
Hypnosis Halts Hot Flashes for Some Women,data/raw/images/fakehealth/fh_story_reviews_00801_00890.jpg,0,fakehealth
Test Aids Prostate Cancer Treatment,data/raw/images/fakehealth/fh_story_reviews_00401_00891.jpg,1,fakehealth
Special diet doesn't help kids with autism in small study,data/raw/images/fakehealth/fh_story_reviews_01556_00892.jpg,1,fakehealth
"Many women could benefit from earlier mammograms, analysis finds",data/raw/images/fakehealth/fh_story_reviews_00455_00895.jpg,0,fakehealth
A Simple Emergency Room Intervention Can Help Cut Suicide Risk,data/raw/images/fakehealth/fh_story_reviews_00051_00896.jpg,1,fakehealth
"‘Second Skin’ May Reduce Wrinkles, Eyebags, Scientists Say",data/raw/images/fakehealth/fh_story_reviews_00440_00899.jpg,1,fakehealth
Acupuncture May Help Lazy Eye,data/raw/images/fakehealth/fh_story_reviews_01280_00900.jpg,1,fakehealth
Mail-Order Tests Check Cells for Signs of Early Aging,data/raw/images/fakehealth/fh_story_reviews_00339_00901.jpg,1,fakehealth
Doctors Try Genetically Modified Poliovirus As Experimental Brain Cancer Treatment,data/raw/images/fakehealth/fh_story_reviews_00056_00902.jpg,1,fakehealth
Squirts of Insulin May Help Those With Early Alzheimer’s,data/raw/images/fakehealth/fh_story_reviews_01002_00903.jpg,1,fakehealth
New Hope in Fatigue Fight,data/raw/images/fakehealth/fh_story_reviews_01447_00904.jpg,0,fakehealth
Study: Fatty acids can help ease PMS symptoms,data/raw/images/fakehealth/fh_story_reviews_01237_00905.jpg,1,fakehealth
Stomach pacemaker could help obese lose weight,data/raw/images/fakehealth/fh_story_reviews_01177_00907.jpg,1,fakehealth
New drug 'big deal' in cystic fibrosis fight,data/raw/images/fakehealth/fh_story_reviews_00975_00909.jpg,0,fakehealth
Magnet Therapy May Help Some Stroke Survivors Recover,data/raw/images/fakehealth/fh_story_reviews_00956_00912.jpg,1,fakehealth
Brain Implant Restores Sense Of Touch To Paralyzed Man,data/raw/images/fakehealth/fh_story_reviews_00344_00915.jpg,1,fakehealth
Eggs at Breakfast May Delay Hunger,data/raw/images/fakehealth/fh_story_reviews_00870_00917.jpg,0,fakehealth
Dallas-Fort Worth Health News,data/raw/images/fakehealth/fh_story_reviews_00885_00920.jpg,0,fakehealth
‘Unbelievable’: Heart Stents Fail to Ease Chest Pain,data/raw/images/fakehealth/fh_story_reviews_00148_00921.jpg,1,fakehealth
Avodart May Lower Prostate Cancer Risk,data/raw/images/fakehealth/fh_story_reviews_01601_00922.jpg,1,fakehealth
2 Studies Back Guidelines for Wider Use of Statins,data/raw/images/fakehealth/fh_story_reviews_00582_00923.jpg,1,fakehealth
From Chaos To Calm: A Life Changed By Ketamine,data/raw/images/fakehealth/fh_story_reviews_00065_00924.jpg,0,fakehealth
New Technology May Help Ease Sleep Apnea,data/raw/images/fakehealth/fh_story_reviews_00233_00927.jpg,1,fakehealth
Drug shows promise for quick treatment of postpartum depression,data/raw/images/fakehealth/fh_story_reviews_00398_00929.jpg,1,fakehealth
It’s Hard To Know Where Gluten Sensitivity Stops And The Placebo Effect Begins,data/raw/images/fakehealth/fh_story_reviews_00685_00930.jpg,1,fakehealth
School water coolers may help kids lose weight,data/raw/images/fakehealth/fh_story_reviews_00492_00932.jpg,1,fakehealth
Diagnosing Breast Cancer: Needle Biopsy Best?,data/raw/images/fakehealth/fh_story_reviews_01697_00933.jpg,0,fakehealth
A New Approach to Treating Hair Loss,data/raw/images/fakehealth/fh_story_reviews_00914_00935.jpg,0,fakehealth
Low-carb diet burns the most calories in small study,data/raw/images/fakehealth/fh_story_reviews_00852_00938.jpg,1,fakehealth
"Outlook, Office, Skype, Bing, Breaking News, and Latest Videos",data/raw/images/fakehealth/fh_story_reviews_00938_00939.jpg,1,fakehealth
New Nuclear-Imaging Tests Show Promise in Locating Cancer,data/raw/images/fakehealth/fh_story_reviews_00356_00943.jpg,1,fakehealth
A Scientist's Dream Fulfilled: Harnessing The Immune System To Fight Cancer,data/raw/images/fakehealth/fh_story_reviews_00415_00944.jpg,1,fakehealth
Drug Slows Knee Osteoarthritis Progression,data/raw/images/fakehealth/fh_story_reviews_00791_00945.jpg,1,fakehealth
"For Varicose Veins, New Treatments Are Less Invasive",data/raw/images/fakehealth/fh_story_reviews_01273_00946.jpg,1,fakehealth
Blood Test Finds Cancer Before Symptoms Start,data/raw/images/fakehealth/fh_story_reviews_00185_00947.jpg,1,fakehealth
Combination Drug May Ease the Agitation of Alzheimer’s,data/raw/images/fakehealth/fh_story_reviews_00539_00949.jpg,1,fakehealth
The U.K.’s New At-Home HIV Test Is Better Than Anything We Have In The U.S.,data/raw/images/fakehealth/fh_story_reviews_00629_00950.jpg,1,fakehealth
"Low-carb, low-calorie diets can both result in weight loss",data/raw/images/fakehealth/fh_story_reviews_01477_00951.jpg,1,fakehealth
Tai chi may ease fibromyalgia pain,data/raw/images/fakehealth/fh_story_reviews_01451_00952.jpg,1,fakehealth
Chocolate May Cut Women's Stroke Risk,data/raw/images/fakehealth/fh_story_reviews_00997_00954.jpg,1,fakehealth
"Common weed could help fight deadly superbug, study finds",data/raw/images/fakehealth/fh_story_reviews_00285_00955.jpg,0,fakehealth
Building a Better Valve,data/raw/images/fakehealth/fh_story_reviews_00600_00956.jpg,1,fakehealth
Baking Soda Boosts Athletic Performance,data/raw/images/fakehealth/fh_story_reviews_01349_00957.jpg,0,fakehealth
"Can a supplement boost immunity, slow aging?",data/raw/images/fakehealth/fh_story_reviews_01422_00959.jpg,1,fakehealth
College kids make robotic arms for children without real ones,data/raw/images/fakehealth/fh_story_reviews_00660_00960.jpg,0,fakehealth
Virtual reality to help detect early risk of Alzheimer’s,data/raw/images/fakehealth/fh_story_reviews_00000_00961.jpg,0,fakehealth
Vaginal steam bath finds a place among Southern California spa options,data/raw/images/fakehealth/fh_story_reviews_01270_00962.jpg,1,fakehealth
Limits of New Screen for Heart Disease,data/raw/images/fakehealth/fh_story_reviews_01085_00966.jpg,1,fakehealth
Are breast lumps cancerous? A new device may help,data/raw/images/fakehealth/fh_story_reviews_00881_00967.jpg,1,fakehealth
Artificial retina gives woman limited vision after decades of darkness,data/raw/images/fakehealth/fh_story_reviews_01698_00969.jpg,0,fakehealth
"Lymph Node Surgery for Breast Cancer Not Always Needed, Study Says",data/raw/images/fakehealth/fh_story_reviews_01209_00970.jpg,1,fakehealth
A Touch of Massage Therapy,data/raw/images/fakehealth/fh_story_reviews_01165_00973.jpg,1,fakehealth
3-Drug Combo May Treat Hepatitis C,data/raw/images/fakehealth/fh_story_reviews_01147_00975.jpg,1,fakehealth
Can a genetic test really boost your odds of becoming pregnant?,data/raw/images/fakehealth/fh_story_reviews_00192_00976.jpg,1,fakehealth
Fish oil can head off first psychotic episodes,data/raw/images/fakehealth/fh_story_reviews_01655_00977.jpg,1,fakehealth
Dogs Sniff Out Lung Cancer in Humans,data/raw/images/fakehealth/fh_story_reviews_01019_00978.jpg,1,fakehealth
Lung Cancer Trial Stopped After Jimmy Carter Drug Shrinks Tumors,data/raw/images/fakehealth/fh_story_reviews_00411_00979.jpg,1,fakehealth
DMAU: Male Birth Control Pill Offers 'Unprecedented' Study Results,data/raw/images/fakehealth/fh_story_reviews_00093_00985.jpg,1,fakehealth
Testosterone Hormone Replacement for Men? Perhaps,data/raw/images/fakehealth/fh_story_reviews_01365_00987.jpg,1,fakehealth
"The Best Foods for Thought, Literally",data/raw/images/fakehealth/fh_story_reviews_00921_00988.jpg,0,fakehealth
Fish Help Reduce Risk of One Kind of Colon Polyp in Women,data/raw/images/fakehealth/fh_story_reviews_00917_00990.jpg,0,fakehealth
The Scan That Saved My Life,data/raw/images/fakehealth/fh_story_reviews_00037_00992.jpg,0,fakehealth
Pop a Pill for Heartburn? Try Diet and Exercise Instead,data/raw/images/fakehealth/fh_story_reviews_00266_00995.jpg,0,fakehealth
Breast-cancer study questions lymph node removal,data/raw/images/fakehealth/fh_story_reviews_01210_00996.jpg,1,fakehealth
What Happens If You Try To Prevent Every Single Suicide?,data/raw/images/fakehealth/fh_story_reviews_00520_00997.jpg,1,fakehealth
The O-Shot: Incontinence fix or empty promise?,data/raw/images/fakehealth/fh_story_reviews_00217_00998.jpg,1,fakehealth
Low-dose combination of Avandia and metformin decreases progression to diabetes by two-thirds with few side effects,data/raw/images/fakehealth/fh_story_reviews_01544_01001.jpg,1,fakehealth
Fish Oil Linked to Lower Breast Cancer Risk,data/raw/images/fakehealth/fh_story_reviews_01510_01004.jpg,1,fakehealth
Study: CT scans can reduce lung cancer deaths by 20%,data/raw/images/fakehealth/fh_story_reviews_01329_01006.jpg,1,fakehealth
Olive Oil Linked to Reduced Stroke Risk,data/raw/images/fakehealth/fh_story_reviews_01066_01007.jpg,1,fakehealth
"Strawberries Fight Cancer, Study Finds",data/raw/images/fakehealth/fh_story_reviews_01134_01008.jpg,0,fakehealth
Resveratrol May Suppress Inflammation in Humans,data/raw/images/fakehealth/fh_story_reviews_01476_01010.jpg,0,fakehealth
Effectiveness of statins is called into question,data/raw/images/fakehealth/fh_story_reviews_01472_01012.jpg,1,fakehealth
Here’s how one woman used an implant to get some relief from chronic back pain,data/raw/images/fakehealth/fh_story_reviews_00031_01014.jpg,0,fakehealth
Which antidepressant is right for you? This genetic test could help,data/raw/images/fakehealth/fh_story_reviews_00052_01018.jpg,1,fakehealth
Spit Test May Reveal The Severity Of A Child's Concussion,data/raw/images/fakehealth/fh_story_reviews_00239_01019.jpg,1,fakehealth
Partial rather than full knee replacements better for many – report,data/raw/images/fakehealth/fh_story_reviews_00077_01020.jpg,0,fakehealth
Blood Test Might Detect Deadly Pancreatic Cancer in Early Stages,data/raw/images/fakehealth/fh_story_reviews_00597_01021.jpg,0,fakehealth
"Experimental blood test could detect melanoma skin cancer early, study finds",data/raw/images/fakehealth/fh_story_reviews_00049_01023.jpg,1,fakehealth
"Walking Fends Off Loss Of Mobility, And It's Not Too Late To Start",data/raw/images/fakehealth/fh_story_reviews_00353_01024.jpg,1,fakehealth
Bypass Surgery Edges Stents For Heart Treatment,data/raw/images/fakehealth/fh_story_reviews_00892_01027.jpg,1,fakehealth
This Tiny Device Is a 'Game Changer' for People Facing Blindness,data/raw/images/fakehealth/fh_story_reviews_00262_01032.jpg,1,fakehealth
Average U.S. Diet May Kill Prostate Cancer Survivors,data/raw/images/fakehealth/fh_story_reviews_00609_01035.jpg,1,fakehealth
On Medicare and Assessing the Value of Lung Cancer Screening,data/raw/images/fakehealth/fh_story_reviews_00625_01036.jpg,1,fakehealth
Say Aaa! Then Zzz: Tonsillectomy Helps Kids Sleep,data/raw/images/fakehealth/fh_story_reviews_01168_01038.jpg,1,fakehealth
New test could help diagnose Alzheimer's disease in live patients,data/raw/images/fakehealth/fh_story_reviews_00770_01039.jpg,1,fakehealth
"Beta-blockers used by musicians, athletes, students to enhance performance",data/raw/images/fakehealth/fh_story_reviews_01462_01040.jpg,0,fakehealth
IUDs May Have A Surprising Added Health Benefit,data/raw/images/fakehealth/fh_story_reviews_00146_01045.jpg,1,fakehealth
MD Anderson researchers find potential way to detect pancreatic cancer early,data/raw/images/fakehealth/fh_story_reviews_00596_01046.jpg,0,fakehealth
Significant Number of Medicare Patients Getting Too-Frequent Colonoscopies,data/raw/images/fakehealth/fh_story_reviews_01100_01047.jpg,1,fakehealth
Phys Ed: Do Cortisone Shots Actually Make Things Worse?,data/raw/images/fakehealth/fh_story_reviews_01343_01048.jpg,1,fakehealth
Is a 3-D Mammogram Better at Avoiding False Positives?,data/raw/images/fakehealth/fh_story_reviews_00820_01049.jpg,1,fakehealth
"Low-dose aspirin can reduce risk of death from cancer, study says",data/raw/images/fakehealth/fh_story_reviews_00257_01050.jpg,0,fakehealth
Gastric Bypass May Improve Diabetes Quickly,data/raw/images/fakehealth/fh_story_reviews_01116_01051.jpg,1,fakehealth
Studies Find Two New Drugs Effective Against Advanced Melanoma,data/raw/images/fakehealth/fh_story_reviews_01073_01053.jpg,1,fakehealth
Nanoparticles Show Potential for Treating MS,data/raw/images/fakehealth/fh_story_reviews_00787_01054.jpg,1,fakehealth
Glioblastoma: Zika Virus Could Destroy Brain Cancer That Killed John McCain,data/raw/images/fakehealth/fh_story_reviews_00030_01058.jpg,1,fakehealth
'Play This Video Game And Call Me In The Morning',data/raw/images/fakehealth/fh_story_reviews_00562_01061.jpg,0,fakehealth
Probiotics' Benefits May Be More Than a Gut Feeling,data/raw/images/fakehealth/fh_story_reviews_00786_01065.jpg,1,fakehealth
New Procedure Makes Hyperhidrosis No Sweat,data/raw/images/fakehealth/fh_story_reviews_00897_01067.jpg,0,fakehealth
"Alzheimer's disease reversed in mice, offering hope for humans, new research shows",data/raw/images/fakehealth/fh_story_reviews_00108_01071.jpg,0,fakehealth
"Some with early-stage breast cancer can skip chemo, study says",data/raw/images/fakehealth/fh_story_reviews_00537_01072.jpg,1,fakehealth
Experimental Drug May Help Treat Psoriasis,data/raw/images/fakehealth/fh_story_reviews_00982_01075.jpg,1,fakehealth
Bloodsucking parasitic hookworms could help make millions of people healthier,data/raw/images/fakehealth/fh_story_reviews_00336_01076.jpg,0,fakehealth
More than 103 million Americans will have high blood pressure under new guidelines,data/raw/images/fakehealth/fh_story_reviews_00143_01078.jpg,1,fakehealth
No-Drill Dentistry: Fluoride Treatments Can Prevent Cavities In Adults,data/raw/images/fakehealth/fh_story_reviews_00470_01082.jpg,1,fakehealth
Vitamin IVs make bold health promises. But where's the evidence?,data/raw/images/fakehealth/fh_story_reviews_00279_01084.jpg,1,fakehealth
Scientists mix friendly bacteria into lotions to ward off bad germs,data/raw/images/fakehealth/fh_story_reviews_00280_01086.jpg,1,fakehealth
Study shows differences in pancreatic cancer treatments,data/raw/images/fakehealth/fh_story_reviews_01096_01090.jpg,0,fakehealth
More Support for Osteoporosis Drugs,data/raw/images/fakehealth/fh_story_reviews_00478_01096.jpg,1,fakehealth
Study: Aspirin Cuts Deaths From Cancers,data/raw/images/fakehealth/fh_story_reviews_01284_01097.jpg,1,fakehealth
New ALS drug Radicava comes with new questions as well,data/raw/images/fakehealth/fh_story_reviews_00187_01098.jpg,1,fakehealth
New test under development could find single cancer cell in blood,data/raw/images/fakehealth/fh_story_reviews_01261_01099.jpg,0,fakehealth
IUDs May Help Treat Endometrial Cancer,data/raw/images/fakehealth/fh_story_reviews_01389_01101.jpg,1,fakehealth
"Therapy often as good as surgery for knees, study finds",data/raw/images/fakehealth/fh_story_reviews_00746_01102.jpg,1,fakehealth
Cure For Cancer? FDA Announces New Aggressive Drug Attacking Originating Genes,data/raw/images/fakehealth/fh_story_reviews_00007_01104.jpg,0,fakehealth
Potential Parkinson's Treatment Explored,data/raw/images/fakehealth/fh_story_reviews_01114_01106.jpg,1,fakehealth
'Peanut patch' may protect against life-threatening allergy,data/raw/images/fakehealth/fh_story_reviews_00676_01107.jpg,1,fakehealth
Tiny Eye Telescope Brings Back A World Of Sight,data/raw/images/fakehealth/fh_story_reviews_01489_01108.jpg,1,fakehealth
The homeliest nut just got better,data/raw/images/fakehealth/fh_story_reviews_00461_01109.jpg,1,fakehealth
Deep Brain Stimulation for Stubborn Hypertension,data/raw/images/fakehealth/fh_story_reviews_01230_01110.jpg,1,fakehealth
Mindfulness Meditation May Cut IBS Symptoms,data/raw/images/fakehealth/fh_story_reviews_01098_01111.jpg,0,fakehealth
An avocado a day lowers cholesterol,data/raw/images/fakehealth/fh_story_reviews_00719_01112.jpg,1,fakehealth
"Genetic tests for psychiatric drugs spur hope, doubts",data/raw/images/fakehealth/fh_story_reviews_00534_01113.jpg,1,fakehealth
Study questions efficacy and safety of knee injections,data/raw/images/fakehealth/fh_story_reviews_00855_01115.jpg,0,fakehealth
Your Health: Should men also be screened for osteoporosis?,data/raw/images/fakehealth/fh_story_reviews_01487_01116.jpg,1,fakehealth
Researchers in Italy Found Bergamot Lowered Blood Cholesterol,data/raw/images/fakehealth/fh_story_reviews_00709_01117.jpg,1,fakehealth
Breath Test May Detect Colon Cancer,data/raw/images/fakehealth/fh_story_reviews_00782_01119.jpg,1,fakehealth
Allergy sufferers find relief in immunotherapy toothpaste,data/raw/images/fakehealth/fh_story_reviews_00387_01120.jpg,0,fakehealth
The Gentle Cesarean: More Like A Birth Than An Operation,data/raw/images/fakehealth/fh_story_reviews_00663_01121.jpg,1,fakehealth
"PSA saves lives, a new analysis finds. Not everyone agrees",data/raw/images/fakehealth/fh_story_reviews_00176_01122.jpg,1,fakehealth
Drug Shows Promise for Lupus Skin Conditions,data/raw/images/fakehealth/fh_story_reviews_00776_01123.jpg,1,fakehealth
Oral multiple sclerosis drug shows promise,data/raw/images/fakehealth/fh_story_reviews_01663_01125.jpg,0,fakehealth
"Bran, soy help cut cholesterol",data/raw/images/fakehealth/fh_story_reviews_01015_01126.jpg,0,fakehealth
New statin guidelines: Everyone 40 and older should be considered for the drug therapy,data/raw/images/fakehealth/fh_story_reviews_00329_01127.jpg,1,fakehealth
More Than 22% of Heart-Device Implantations Aren’t In Line With Guidelines,data/raw/images/fakehealth/fh_story_reviews_01260_01129.jpg,1,fakehealth
"Spit test may diagnose, predict duration of concussion in kids",data/raw/images/fakehealth/fh_story_reviews_00142_01130.jpg,1,fakehealth
"Extra Calcium and Vitamin D Aren’t Necessary, Report Says",data/raw/images/fakehealth/fh_story_reviews_01296_01132.jpg,1,fakehealth
Targeted Breast Cancer Drug Shrinks Tumors,data/raw/images/fakehealth/fh_story_reviews_01693_01133.jpg,0,fakehealth
Study: Lower salt intake could be riskier than thought,data/raw/images/fakehealth/fh_story_reviews_01109_01135.jpg,1,fakehealth
Facial-recognition software finds new use: diagnosing genetic disorders,data/raw/images/fakehealth/fh_story_reviews_00254_01136.jpg,0,fakehealth
New Approach to Cataract Surgery Using Infrared Laser,data/raw/images/fakehealth/fh_story_reviews_01606_01137.jpg,0,fakehealth
Tomatoes may help reduce stroke risk,data/raw/images/fakehealth/fh_story_reviews_00812_01141.jpg,1,fakehealth
Treating Sleep Apnea Without the Mask,data/raw/images/fakehealth/fh_story_reviews_00883_01143.jpg,0,fakehealth
"Some opioid addiction drugs harder to start than others, study finds",data/raw/images/fakehealth/fh_story_reviews_00144_01145.jpg,1,fakehealth
Hot flash remedies: Estrogen may be the best answer,data/raw/images/fakehealth/fh_story_reviews_00933_01149.jpg,1,fakehealth
Strange but true: Sleep deprivation can help depression. Penn scientists want to know why,data/raw/images/fakehealth/fh_story_reviews_00167_01151.jpg,1,fakehealth
Kite's CAR-T cancer therapy shows strong results in key study,data/raw/images/fakehealth/fh_story_reviews_00276_01152.jpg,1,fakehealth
Lay off the mega-doses of Vitamin D,data/raw/images/fakehealth/fh_story_reviews_00674_01153.jpg,1,fakehealth
Cholesterol-Lowering Drugs May Cut RA Risk,data/raw/images/fakehealth/fh_story_reviews_01417_01155.jpg,1,fakehealth
Sleep Drug May Treat Fibromyalgia Pain,data/raw/images/fakehealth/fh_story_reviews_01562_01157.jpg,1,fakehealth
"More People Should Get Statins, Report Says",data/raw/images/fakehealth/fh_story_reviews_00581_01158.jpg,1,fakehealth
Gardasil: New study shows it's safe.,data/raw/images/fakehealth/fh_story_reviews_00573_01159.jpg,1,fakehealth
Tai Chi improves symptoms of fibromyalgia,data/raw/images/fakehealth/fh_story_reviews_01456_01161.jpg,1,fakehealth
Can memory loss in Alzheimer's patients be reversed?,data/raw/images/fakehealth/fh_story_reviews_00409_01163.jpg,0,fakehealth
Walk A Little Faster To Get The Most Out of Your Exercise Time,data/raw/images/fakehealth/fh_story_reviews_00664_01165.jpg,1,fakehealth
Fish Oil Use in Pregnancy Didn’t Make Babies Smart,data/raw/images/fakehealth/fh_story_reviews_01352_01168.jpg,1,fakehealth
Irritable Bowel Syndrome Drug Succeeds in Trial,data/raw/images/fakehealth/fh_story_reviews_01413_01169.jpg,1,fakehealth
How a balloon can help you lose weight,data/raw/images/fakehealth/fh_story_reviews_00471_01174.jpg,0,fakehealth
This Blood Test Could Help Predict If A Pregnancy Is At Risk For Premature Labor,data/raw/images/fakehealth/fh_story_reviews_00063_01175.jpg,1,fakehealth
"First marijuana-derived drug approved, will target severe epilepsy",data/raw/images/fakehealth/fh_story_reviews_00058_01177.jpg,1,fakehealth
"New test can detect autism in children, scientists say",data/raw/images/fakehealth/fh_story_reviews_00106_01178.jpg,0,fakehealth
Ecstasy as a Remedy for PTSD? You Probably Have Some Questions.,data/raw/images/fakehealth/fh_story_reviews_00076_01179.jpg,1,fakehealth
New DNA Tests Aimed at Reducing Colon Cancer,data/raw/images/fakehealth/fh_story_reviews_01339_01180.jpg,1,fakehealth
Fish Oil Study Finds Little Benefit for Pregnant Women,data/raw/images/fakehealth/fh_story_reviews_01351_01181.jpg,1,fakehealth
Radiation From CT Scans May Raise Cancer Risk,data/raw/images/fakehealth/fh_story_reviews_01692_01182.jpg,1,fakehealth
Rethinking the Use of Hormones to Ease Menopause Symptoms,data/raw/images/fakehealth/fh_story_reviews_00369_01186.jpg,0,fakehealth
Study: Poor Results From Lap-Band Surgery,data/raw/images/fakehealth/fh_story_reviews_01161_01188.jpg,1,fakehealth
Light Drinking During Pregnancy: No Harm to Baby?,data/raw/images/fakehealth/fh_story_reviews_01377_01189.jpg,1,fakehealth
Long-Lasting Birth Control Cuts Pregnancy Rate,data/raw/images/fakehealth/fh_story_reviews_00864_01190.jpg,1,fakehealth
Drug Shows Promise in Treating a Type of Muscular Dystrophy in Boys,data/raw/images/fakehealth/fh_story_reviews_00817_01193.jpg,1,fakehealth
Mood-Boosting Magnets Might Help Treat Depression,data/raw/images/fakehealth/fh_story_reviews_00259_01196.jpg,0,fakehealth
"To Treat Depression, Try a Digital Therapist",data/raw/images/fakehealth/fh_story_reviews_00211_01197.jpg,1,fakehealth
How to soothe baby's colic? Pour a cup of tea,data/raw/images/fakehealth/fh_story_reviews_01154_01199.jpg,0,fakehealth
CDC To Doctors: Anti-HIV Pill No Magic Bullet Against Virus,data/raw/images/fakehealth/fh_story_reviews_01225_01200.jpg,1,fakehealth
Neurofeedback Gains Popularity and Second Looks,data/raw/images/fakehealth/fh_story_reviews_01375_01201.jpg,1,fakehealth
New drugs improve options for melanoma patients,data/raw/images/fakehealth/fh_story_reviews_00728_01203.jpg,1,fakehealth
Drug Extends Prostate Cancer Survival,data/raw/images/fakehealth/fh_story_reviews_01369_01204.jpg,0,fakehealth
Therapy animals are everywhere. Proof that they help is not.,data/raw/images/fakehealth/fh_story_reviews_00207_01206.jpg,1,fakehealth
"Sleep Fights Colds, Study Finds",data/raw/images/fakehealth/fh_story_reviews_00554_01207.jpg,1,fakehealth
Anti-Gravity Treadmill helps injured get moving again,data/raw/images/fakehealth/fh_story_reviews_01241_01208.jpg,0,fakehealth
"Study: Vaccine for Breast, Ovarian Cancer Has Potential",data/raw/images/fakehealth/fh_story_reviews_00973_01209.jpg,1,fakehealth
New pill prevents strokes with less bleeding risk for atrial fib patients,data/raw/images/fakehealth/fh_story_reviews_01317_01211.jpg,1,fakehealth
F.D.A. Approves New Drug for Flu,data/raw/images/fakehealth/fh_story_reviews_00017_01212.jpg,1,fakehealth
"Regular painkillers work as well as opioids for sprains, strains and fractures",data/raw/images/fakehealth/fh_story_reviews_00145_01213.jpg,1,fakehealth
"Text Reminders Help People Lower Cholesterol, Blood Pressure",data/raw/images/fakehealth/fh_story_reviews_00541_01214.jpg,1,fakehealth
Strobe lighting provides a flicker of hope in the fight against Alzheimer’s,data/raw/images/fakehealth/fh_story_reviews_00319_01215.jpg,0,fakehealth
Heart Hormone Linked to Calorie-Burning Brown Fat,data/raw/images/fakehealth/fh_story_reviews_00928_01216.jpg,1,fakehealth
"A virtual ""walk"" through the colon could detect cancer earlier",data/raw/images/fakehealth/fh_story_reviews_00592_01218.jpg,0,fakehealth
Stem cell research aims to put an end to root canals,data/raw/images/fakehealth/fh_story_reviews_00395_01219.jpg,0,fakehealth
Study: Antibiotics could dramatically reduce sexually transmitted infections,data/raw/images/fakehealth/fh_story_reviews_00131_01222.jpg,1,fakehealth
Does Putting On A Few Pounds Help You Cheat Death?,data/raw/images/fakehealth/fh_story_reviews_00437_01223.jpg,1,fakehealth
New Method Easing Preparation May Encourage Colon Checks,data/raw/images/fakehealth/fh_story_reviews_00868_01224.jpg,1,fakehealth
A New Frontier in Sun Protection,data/raw/images/fakehealth/fh_story_reviews_00583_01232.jpg,1,fakehealth
Got Low Back Pain? Massage Therapy May Rub It Out,data/raw/images/fakehealth/fh_story_reviews_01058_01233.jpg,1,fakehealth
A Breakthrough Against Leukemia Using Altered T-Cells,data/raw/images/fakehealth/fh_story_reviews_00774_01238.jpg,1,fakehealth
Evofem's birth control gel meets main study goal; shares rise,data/raw/images/fakehealth/fh_story_reviews_00001_01239.jpg,1,fakehealth
Modified polio vaccine helps fight deadly brain tumors,data/raw/images/fakehealth/fh_story_reviews_00057_01240.jpg,1,fakehealth
Nicotine Patch May Improve Memory,data/raw/images/fakehealth/fh_story_reviews_00939_01244.jpg,1,fakehealth
Cataract Surgery May Be Safer With Laser,data/raw/images/fakehealth/fh_story_reviews_00985_01245.jpg,1,fakehealth
New drug promising against cholesterol,data/raw/images/fakehealth/fh_story_reviews_01312_01247.jpg,1,fakehealth
Antidepressants relieve hot flashes,data/raw/images/fakehealth/fh_story_reviews_01239_01249.jpg,0,fakehealth
Egg Freezing Puts The Biological Clock On Hold,data/raw/images/fakehealth/fh_story_reviews_01083_01250.jpg,1,fakehealth
Remedies: Honey for Coughing,data/raw/images/fakehealth/fh_story_reviews_01275_01252.jpg,1,fakehealth
A Genetic Test for Prospective Parents,data/raw/images/fakehealth/fh_story_reviews_01392_01253.jpg,1,fakehealth
Cancer Breakthrough: Personalized Melanoma Vaccines ‘Safe and Effective’ in First Human Clinical Trials,data/raw/images/fakehealth/fh_story_reviews_00205_01254.jpg,1,fakehealth
10 million wisdom teeth are removed each year. That might be way too many.,data/raw/images/fakehealth/fh_story_reviews_00692_01257.jpg,1,fakehealth
Weight-loss pills can help. So why don't more people use them?,data/raw/images/fakehealth/fh_story_reviews_00035_01258.jpg,0,fakehealth
Prostate-Cancer Gene Test Helps Patients Decide on Treatment,data/raw/images/fakehealth/fh_story_reviews_00088_01259.jpg,1,fakehealth
Better communication can help couples affected by Alzheimer’s,data/raw/images/fakehealth/fh_story_reviews_00566_01260.jpg,0,fakehealth
"For Alzheimer's patients, resveratrol brings new hope",data/raw/images/fakehealth/fh_story_reviews_00548_01261.jpg,1,fakehealth
Patient's own stem cells help heal heart,data/raw/images/fakehealth/fh_story_reviews_00922_01266.jpg,1,fakehealth
Antibiotic shows lasting effects against diarrhea-focused irritable bowel syndrome,data/raw/images/fakehealth/fh_story_reviews_01568_01269.jpg,0,fakehealth
"Antidepressants Do Work, And Many More People Should Take Them: Major International Study",data/raw/images/fakehealth/fh_story_reviews_00105_01271.jpg,0,fakehealth
Blood From Young People Safe and Just Might Help Alzheimer's Patients,data/raw/images/fakehealth/fh_story_reviews_00147_01273.jpg,1,fakehealth
Psychedelics Promise a ‘Paradigm Shift’ in Treating Mental Illness,data/raw/images/fakehealth/fh_story_reviews_00551_01274.jpg,1,fakehealth
"New study finds surprising news about teens, marijuana, and health issues",data/raw/images/fakehealth/fh_story_reviews_00568_01277.jpg,0,fakehealth
Heart Treatment Overused,data/raw/images/fakehealth/fh_story_reviews_01056_01279.jpg,1,fakehealth
"Gene Therapy Might Be the Best, and Perhaps Only, Chance at Curing Brain Diseases",data/raw/images/fakehealth/fh_story_reviews_00447_01280.jpg,1,fakehealth
FDA approves cancer treatment that uses virus to attack tumors,data/raw/images/fakehealth/fh_story_reviews_00521_01282.jpg,1,fakehealth
"Should you take Tylenol, Advil, or aspirin for pain? Here's what the evidence says.",data/raw/images/fakehealth/fh_story_reviews_00559_01284.jpg,1,fakehealth
Seizure and Pain Drug May Treat Hot Flashes,data/raw/images/fakehealth/fh_story_reviews_01374_01285.jpg,1,fakehealth
Vitamin D for Mom May Lower Baby’s MS Risk,data/raw/images/fakehealth/fh_story_reviews_01642_01286.jpg,1,fakehealth
Sex in Old Age May Lead to a Sharper Mind,data/raw/images/fakehealth/fh_story_reviews_00668_01288.jpg,0,fakehealth
The other incontinence,data/raw/images/fakehealth/fh_story_reviews_00761_01289.jpg,1,fakehealth
"New Cure for Baldness Could Be Found in Existing Drug, Scientists Say",data/raw/images/fakehealth/fh_story_reviews_00073_01290.jpg,1,fakehealth
"New Vaccine Could Stop Heroin Abuse by Blocking High, Study Suggests",data/raw/images/fakehealth/fh_story_reviews_00221_01291.jpg,1,fakehealth
"Silicone Breast Implants: Safe, With Caveats",data/raw/images/fakehealth/fh_story_reviews_01050_01292.jpg,1,fakehealth
New Way to Treat Inoperable Lung Cancer,data/raw/images/fakehealth/fh_story_reviews_01615_01293.jpg,1,fakehealth
FDA Approves Vagus Nerve Stimulator to Treat Cluster Headaches,data/raw/images/fakehealth/fh_story_reviews_00249_01294.jpg,0,fakehealth
Health Experts Call For Heart Checkups For Kids,data/raw/images/fakehealth/fh_story_reviews_01685_01295.jpg,0,fakehealth
Soy Supplements May Cool Hot Flashes: Study,data/raw/images/fakehealth/fh_story_reviews_00884_01298.jpg,0,fakehealth
"Fecal transplants may help children with autism, researchers claim",data/raw/images/fakehealth/fh_story_reviews_00295_01300.jpg,0,fakehealth
Nasal spray shows promise as treatment for Alzheimer's disease,data/raw/images/fakehealth/fh_story_reviews_00702_01301.jpg,0,fakehealth
Muscle Relaxant May Ease Fibromyalgia Pain,data/raw/images/fakehealth/fh_story_reviews_01001_01302.jpg,1,fakehealth
Study Points to New Prostate Drug,data/raw/images/fakehealth/fh_story_reviews_01366_01303.jpg,1,fakehealth
Alzheimer's Drug Slows Memory Decline,data/raw/images/fakehealth/fh_story_reviews_00816_01304.jpg,1,fakehealth
Portable gluten test promises to ease dining woes,data/raw/images/fakehealth/fh_story_reviews_00525_01305.jpg,1,fakehealth
Musical Exercise Program Cuts Falls in Elderly,data/raw/images/fakehealth/fh_story_reviews_01306_01308.jpg,0,fakehealth
This Test Can Determine Whether You've Outgrown A Food Allergy,data/raw/images/fakehealth/fh_story_reviews_00166_01311.jpg,1,fakehealth
"Prisons fight opioids with $1,000 Vivitrol injections: Does it work?",data/raw/images/fakehealth/fh_story_reviews_00328_01314.jpg,1,fakehealth
New Portable Scanner for Breast Cancer,data/raw/images/fakehealth/fh_story_reviews_01341_01315.jpg,0,fakehealth
New helmet technology helping patients tackle baldness,data/raw/images/fakehealth/fh_story_reviews_00630_01316.jpg,1,fakehealth
Researchers one step closer to potential autism test,data/raw/images/fakehealth/fh_story_reviews_01293_01318.jpg,1,fakehealth
Dementia: Five-minute neck scan can spot symptoms earlier,data/raw/images/fakehealth/fh_story_reviews_00013_01319.jpg,0,fakehealth
Are e-cigarettes fueling a new addiction?,data/raw/images/fakehealth/fh_story_reviews_00650_01320.jpg,1,fakehealth
"Energy Drinks Promise Edge, but Experts Say Proof Is Scant",data/raw/images/fakehealth/fh_story_reviews_00769_01321.jpg,1,fakehealth
Are 3-D mammograms a breast cancer breakthrough?,data/raw/images/fakehealth/fh_story_reviews_01023_01323.jpg,1,fakehealth
Cutting Sugar Rapidly Improves Heart Health Markers,data/raw/images/fakehealth/fh_story_reviews_00391_01325.jpg,1,fakehealth
"For the Blind, an Actual-Reality Headset",data/raw/images/fakehealth/fh_story_reviews_00284_01327.jpg,1,fakehealth
Could hyperbaric treatment heal the brain?,data/raw/images/fakehealth/fh_story_reviews_00116_01331.jpg,1,fakehealth
Prostate Cancer Screening: Why Can’t Doctors Agree?,data/raw/images/fakehealth/fh_story_reviews_00840_01332.jpg,1,fakehealth
Embryo screening helps couples avoid genetic diseases,data/raw/images/fakehealth/fh_story_reviews_00427_01335.jpg,0,fakehealth
"Blood Test Can Tell Fetal Sex at 7 Weeks, Study Says",data/raw/images/fakehealth/fh_story_reviews_01028_01341.jpg,1,fakehealth
Aspirin May Cut Prostate Cancer Deaths,data/raw/images/fakehealth/fh_story_reviews_01350_01344.jpg,1,fakehealth
Training Your Brain So That You Don’t Need Reading Glasses,data/raw/images/fakehealth/fh_story_reviews_00261_01346.jpg,1,fakehealth
This Chef Lost 50 Pounds And Reversed Prediabetes With A Digital Program,data/raw/images/fakehealth/fh_story_reviews_00101_01347.jpg,1,fakehealth
Sweat it out! Skin patch aims to test sweat for health,data/raw/images/fakehealth/fh_story_reviews_00324_01349.jpg,0,fakehealth
Coffee could literally be a lifesaver,data/raw/images/fakehealth/fh_story_reviews_00512_01350.jpg,1,fakehealth
Chew On This: Sticking With Nicotine Gum for the Long Haul,data/raw/images/fakehealth/fh_story_reviews_01180_01351.jpg,1,fakehealth
"Peanut allergy experimental treatment helps 2 out of 3 sufferers, study finds",data/raw/images/fakehealth/fh_story_reviews_00009_01353.jpg,1,fakehealth
Mammograms’ Value in Cancer Fight at Issue,data/raw/images/fakehealth/fh_story_reviews_01398_01354.jpg,1,fakehealth
Pets Help People Manage The Pain Of Serious Mental Illness,data/raw/images/fakehealth/fh_story_reviews_00316_01357.jpg,1,fakehealth
Stem-cell therapy feels Food and Drug Administration’s pinch,data/raw/images/fakehealth/fh_story_reviews_01587_01358.jpg,1,fakehealth
"Boomers are going bionic, and they want joint replacements to let them do it all",data/raw/images/fakehealth/fh_story_reviews_00087_01359.jpg,1,fakehealth
Studies Confirm Brain Plaque Can Help Predict Alzheimer’s,data/raw/images/fakehealth/fh_story_reviews_00616_01360.jpg,1,fakehealth
No Cure For Morning Sickness Just Yet,data/raw/images/fakehealth/fh_story_reviews_01415_01362.jpg,1,fakehealth
Study offers potential breakthrough in care of children with autism,data/raw/images/fakehealth/fh_story_reviews_00338_01363.jpg,1,fakehealth
Do healthy people need an aspirin a day?,data/raw/images/fakehealth/fh_story_reviews_00460_01364.jpg,1,fakehealth
Treating PTSD With Virtual Reality Therapy: A Way to Heal Trauma,data/raw/images/fakehealth/fh_story_reviews_00393_01365.jpg,0,fakehealth
Best time of the month for women to quit smoking,data/raw/images/fakehealth/fh_story_reviews_00723_01366.jpg,0,fakehealth
Avocados may help lower 'bad' cholesterol,data/raw/images/fakehealth/fh_story_reviews_00721_01369.jpg,1,fakehealth
"Mindful meditation may be the answer to relieving chronic back pain, study suggests",data/raw/images/fakehealth/fh_story_reviews_00466_01370.jpg,1,fakehealth
"Relief for Severe Asthma, at a High Price",data/raw/images/fakehealth/fh_story_reviews_00827_01372.jpg,1,fakehealth
‘Weekend Warrior’ Workouts are Beneficial as Just 20 Minutes of Exercise a Day,data/raw/images/fakehealth/fh_story_reviews_00303_01373.jpg,1,fakehealth
Study: Vitamin B3 May Help Prevent Certain Skin Cancers,data/raw/images/fakehealth/fh_story_reviews_00620_01374.jpg,1,fakehealth
Merck drug Keytruda succeeds in late-stage esophageal cancer trial,data/raw/images/fakehealth/fh_story_reviews_00012_01375.jpg,0,fakehealth
Breast cancer study may influence use of aromatase inhibitors,data/raw/images/fakehealth/fh_story_reviews_00419_01377.jpg,1,fakehealth
Stem Cells for Knee Problems? U.S. Doctors Investigate,data/raw/images/fakehealth/fh_story_reviews_00123_01379.jpg,1,fakehealth
Good news for people who love spicy food,data/raw/images/fakehealth/fh_story_reviews_00300_01381.jpg,1,fakehealth
Study Weakens Case for Preventive Mastectomy,data/raw/images/fakehealth/fh_story_reviews_00977_01383.jpg,1,fakehealth
Beet Juice Good for Brain,data/raw/images/fakehealth/fh_story_reviews_01333_01384.jpg,0,fakehealth
"Fighting the flu, with frog mucus",data/raw/images/fakehealth/fh_story_reviews_00247_01385.jpg,1,fakehealth
Drink a Day Keeps Disease Away?,data/raw/images/fakehealth/fh_story_reviews_01005_01386.jpg,0,fakehealth
Study questions benefit of mammograms in women over 50,data/raw/images/fakehealth/fh_story_reviews_01397_01388.jpg,1,fakehealth
New research raises hopes in quest to find universal flu vaccine,data/raw/images/fakehealth/fh_story_reviews_01211_01389.jpg,1,fakehealth
Lung Cancer Deaths May Be Cut by Special CT Scan,data/raw/images/fakehealth/fh_story_reviews_01330_01393.jpg,1,fakehealth
Taking meds before exposure cuts HIV risk for heterosexuals,data/raw/images/fakehealth/fh_story_reviews_01048_01395.jpg,1,fakehealth
FDA approves first drug aimed at women with inherited breast cancer,data/raw/images/fakehealth/fh_story_reviews_00121_01396.jpg,1,fakehealth
Same-day hip replacements get patients back on their feet,data/raw/images/fakehealth/fh_story_reviews_00436_01397.jpg,0,fakehealth
Can brain games change behaviors long term?,data/raw/images/fakehealth/fh_story_reviews_00606_01400.jpg,1,fakehealth
"Topical rub eases kids' cold symptoms, study says",data/raw/images/fakehealth/fh_story_reviews_01327_01402.jpg,1,fakehealth
Teen Feels 'Hopeful' After Experimental Stem Cell Procedure,data/raw/images/fakehealth/fh_story_reviews_00450_01403.jpg,0,fakehealth
Breathing for Your Better Health,data/raw/images/fakehealth/fh_story_reviews_00703_01404.jpg,0,fakehealth
Small study suggests electrical stimulation of the brain can ease migraine pain,data/raw/images/fakehealth/fh_story_reviews_01408_01408.jpg,0,fakehealth
"Women who ate more soy survive lung cancer better, study finds",data/raw/images/fakehealth/fh_story_reviews_00745_01409.jpg,1,fakehealth
"Migraines plague millions, especially women. Now there's new hope",data/raw/images/fakehealth/fh_story_reviews_00132_01411.jpg,1,fakehealth
"Fewer mammograms being done, studies show",data/raw/images/fakehealth/fh_story_reviews_01112_01413.jpg,1,fakehealth
"Study: Ginkgo biloba has no effect on Alzheimer's, dementia",data/raw/images/fakehealth/fh_story_reviews_01683_01414.jpg,1,fakehealth
Will Dark Chocolate a Day Keep the Doctor Away?,data/raw/images/fakehealth/fh_story_reviews_00860_01416.jpg,1,fakehealth
"Latisse, Not Just for Eyelashes Anymore: Skin Deep",data/raw/images/fakehealth/fh_story_reviews_01103_01417.jpg,1,fakehealth
Chest Protectors Guard Against Deadly Blows to Chest,data/raw/images/fakehealth/fh_story_reviews_00426_01418.jpg,1,fakehealth
Why Doctors Are Trying A Skin Cancer Drug To Treat A Brain Tumor,data/raw/images/fakehealth/fh_story_reviews_00645_01420.jpg,1,fakehealth
The big question: Will cancer immune therapy work for me?,data/raw/images/fakehealth/fh_story_reviews_00169_01421.jpg,1,fakehealth
Fructose May Increase Cravings for High-Calorie Foods,data/raw/images/fakehealth/fh_story_reviews_00628_01426.jpg,0,fakehealth
Why Biogen is breathing a sigh of relief with the latest Alzheimer’s data,data/raw/images/fakehealth/fh_story_reviews_00317_01427.jpg,1,fakehealth
First-of-its-kind cataract surgery using stem cells shows promise,data/raw/images/fakehealth/fh_story_reviews_00472_01434.jpg,1,fakehealth
Acupuncture Eases Depression in Pregnancy,data/raw/images/fakehealth/fh_story_reviews_01635_01436.jpg,0,fakehealth
"Type 2 Diabetes Treatment Victoza Helps Type 1, Too",data/raw/images/fakehealth/fh_story_reviews_01072_01438.jpg,1,fakehealth
Smart air quality device and app helps you breathe easier,data/raw/images/fakehealth/fh_story_reviews_00473_01441.jpg,0,fakehealth
Could this experimental drug stop the flu in 24 hours?,data/raw/images/fakehealth/fh_story_reviews_00109_01443.jpg,0,fakehealth
Drug Is Shown to Help Pancreatic Cancer Cases,data/raw/images/fakehealth/fh_story_reviews_00759_01446.jpg,1,fakehealth
New Product Is First to Claim It May Reduce Peanut Allergies,data/raw/images/fakehealth/fh_story_reviews_00171_01449.jpg,1,fakehealth
New Drug Helps Treatment-Resistant Arthritis,data/raw/images/fakehealth/fh_story_reviews_01388_01450.jpg,0,fakehealth
FDA Approves Roche’s Cotellic Treatment for Melanoma,data/raw/images/fakehealth/fh_story_reviews_00515_01452.jpg,0,fakehealth
Patients May Benefit From New Heart Device,data/raw/images/fakehealth/fh_story_reviews_01146_01454.jpg,1,fakehealth
Statins May Protect Prostate Cancer Patients,data/raw/images/fakehealth/fh_story_reviews_01519_01455.jpg,0,fakehealth
"Got Night Milk? A Possible Treatment for Anxiety, Insomnia",data/raw/images/fakehealth/fh_story_reviews_00505_01456.jpg,1,fakehealth
POM-boozled: Do health drinks live up to their labels?,data/raw/images/fakehealth/fh_story_reviews_01344_01457.jpg,1,fakehealth
"More Options Before Bypass Surgery, Study Finds",data/raw/images/fakehealth/fh_story_reviews_01137_01459.jpg,1,fakehealth
The MIND diet: 10 foods that fight Alzheimer's (and 5 to avoid),data/raw/images/fakehealth/fh_story_reviews_00644_01460.jpg,0,fakehealth
Good Cholesterol Infusion May Help Unclog Arteries,data/raw/images/fakehealth/fh_story_reviews_00793_01461.jpg,0,fakehealth
Fast help for men whose prostates won't let them go,data/raw/images/fakehealth/fh_story_reviews_00225_01463.jpg,1,fakehealth
How This Woman Used Yoga to Avoid Back Surgery,data/raw/images/fakehealth/fh_story_reviews_00693_01466.jpg,1,fakehealth
Hyperbaric oxygen: The mysterious therapy that saved a cancer survivor from radiation side effects,data/raw/images/fakehealth/fh_story_reviews_00043_01467.jpg,1,fakehealth
New Heart Imaging Method May Predict Heart Attacks,data/raw/images/fakehealth/fh_story_reviews_00201_01468.jpg,0,fakehealth
Bypass Less Risky Than Stent Use Over Long Term,data/raw/images/fakehealth/fh_story_reviews_00890_01469.jpg,1,fakehealth
Delayed Umbilical Cord Clamping May Benefit Children Years Later,data/raw/images/fakehealth/fh_story_reviews_00613_01470.jpg,1,fakehealth
"Experimental Drug Vistusertib Could Shrinks Tumors in 50% of Ovarian Cancer Patients, Study Suggests",data/raw/images/fakehealth/fh_story_reviews_00039_01475.jpg,0,fakehealth
"Luxturna gene therapy to cost $425,000 per eye",data/raw/images/fakehealth/fh_story_reviews_00125_01476.jpg,1,fakehealth
Blood Test May Predict Rheumatoid Arthritis,data/raw/images/fakehealth/fh_story_reviews_01657_01479.jpg,0,fakehealth
Healthy Perspective: The latest health & wellness news with a dose of conversation,data/raw/images/fakehealth/fh_story_reviews_00924_01484.jpg,0,fakehealth
Amarin fish oil capsule shows dramatic benefit for cardiovascular patients,data/raw/images/fakehealth/fh_story_reviews_00028_01488.jpg,1,fakehealth
"Facelift in a Bottle? 'Second Skin' Tightens Baggy Eyes, Protects Dry Skin",data/raw/images/fakehealth/fh_story_reviews_00439_01489.jpg,0,fakehealth
FDA Questions Using Avodart to Cut Prostate Cancer Risk,data/raw/images/fakehealth/fh_story_reviews_01299_01490.jpg,1,fakehealth
"Potential life-saving peanut allergy drug on horizon, scientists say",data/raw/images/fakehealth/fh_story_reviews_00010_01494.jpg,0,fakehealth
"Blood test might make Parkinson's diagnosis easier, study says",data/raw/images/fakehealth/fh_story_reviews_00287_01497.jpg,1,fakehealth
"'Honey, It's Your Turn...'",data/raw/images/fakehealth/fh_story_reviews_01068_01500.jpg,1,fakehealth
Eating Berries Linked to Lower Heart-Disease Risk Among Women,data/raw/images/fakehealth/fh_story_reviews_00763_01502.jpg,1,fakehealth
Injection Offers Option to Slim Down Double Chin Without Surgery,data/raw/images/fakehealth/fh_story_reviews_00631_01504.jpg,1,fakehealth
Hospitals Fast-Track Treatments for Hip Fractures,data/raw/images/fakehealth/fh_story_reviews_00333_01505.jpg,1,fakehealth
Prenatal Blood Tests Could Detect Cancer in Mothers,data/raw/images/fakehealth/fh_story_reviews_00579_01506.jpg,1,fakehealth
Beet Juice Lowers Blood Pressure,data/raw/images/fakehealth/fh_story_reviews_00772_01508.jpg,1,fakehealth
The flu vaccine isn't perfect — but that doesn't mean you should skip the shot,data/raw/images/fakehealth/fh_story_reviews_00528_01510.jpg,1,fakehealth
New Brain Scan May Predict Alzheimer's,data/raw/images/fakehealth/fh_story_reviews_01678_01511.jpg,0,fakehealth
New Views on Frequency of Osteoporosis Screening,data/raw/images/fakehealth/fh_story_reviews_01360_01513.jpg,1,fakehealth
The Evidence Points to a Better Way to Fight Insomnia,data/raw/images/fakehealth/fh_story_reviews_00604_01514.jpg,1,fakehealth
Hemophilia B Gene Therapy Breakthrough,data/raw/images/fakehealth/fh_story_reviews_00958_01516.jpg,1,fakehealth
Statin Drugs May Cut Risk of Colorectal Cancer,data/raw/images/fakehealth/fh_story_reviews_01355_01517.jpg,0,fakehealth
Research shows you really can lose weight — by combining diet AND exercise AND counseling,data/raw/images/fakehealth/fh_story_reviews_00298_01519.jpg,1,fakehealth
Penn study: Pay patients to take their pills,data/raw/images/fakehealth/fh_story_reviews_00517_01520.jpg,1,fakehealth
'Striking' Results from Early Zika Vaccine Trial,data/raw/images/fakehealth/fh_story_reviews_00380_01521.jpg,1,fakehealth
"New Stroke Treatment Saves Lives, Improves Recovery",data/raw/images/fakehealth/fh_story_reviews_00452_01522.jpg,0,fakehealth
The drug industry might finally have an answer for migraines,data/raw/images/fakehealth/fh_story_reviews_00355_01523.jpg,0,fakehealth
Study O.K.’s Light Drinking During Pregnancy. Too Good to Be True?,data/raw/images/fakehealth/fh_story_reviews_01372_01526.jpg,1,fakehealth
New Drug Treats Fibroids With Fewer Side Effects,data/raw/images/fakehealth/fh_story_reviews_00929_01527.jpg,1,fakehealth
"Nicotine Replacement Doesn’t Help Smokers Quit, Study Finds",data/raw/images/fakehealth/fh_story_reviews_00941_01529.jpg,1,fakehealth
Simplifying the Decision for a Prostate Screening,data/raw/images/fakehealth/fh_story_reviews_01387_01531.jpg,1,fakehealth
Google Retinal Scans Can Predict if You Will Have a Heart Attack,data/raw/images/fakehealth/fh_story_reviews_00104_01533.jpg,0,fakehealth
"Heated, Harrowing Chemotherapy Bath May Be Only Hope for Some",data/raw/images/fakehealth/fh_story_reviews_01024_01535.jpg,1,fakehealth
"One Day, a Machine Will Smell Whether You’re Sick",data/raw/images/fakehealth/fh_story_reviews_00241_01536.jpg,0,fakehealth
Positive Results in a Test for a Genentech Eye Treatment,data/raw/images/fakehealth/fh_story_reviews_01574_01537.jpg,1,fakehealth
High blood platelet count 'as good a cancer predictor as a lump in the breast',data/raw/images/fakehealth/fh_story_reviews_00229_01538.jpg,1,fakehealth
Longer tamoxifen use cuts breast cancer deaths,data/raw/images/fakehealth/fh_story_reviews_00779_01539.jpg,1,fakehealth
No More Readers? New Implant May Help Aging Eyes,data/raw/images/fakehealth/fh_story_reviews_00361_01541.jpg,1,fakehealth
New Drugs May Stop Migraines Before They Start,data/raw/images/fakehealth/fh_story_reviews_00278_01542.jpg,1,fakehealth
Common Diagnostic Test May Prolong Low Back Pain,data/raw/images/fakehealth/fh_story_reviews_01486_01543.jpg,0,fakehealth
Menopause Therapy Found Less Risky,data/raw/images/fakehealth/fh_story_reviews_00819_01544.jpg,0,fakehealth
Cervical cancer vaccine in early stages,data/raw/images/fakehealth/fh_story_reviews_00808_01546.jpg,1,fakehealth
Centuries-Old Art of Cupping May Bring Some Pain Relief,data/raw/images/fakehealth/fh_story_reviews_00792_01548.jpg,1,fakehealth
When medication doesn't work: Innovative program eases ADHD symptoms naturally,data/raw/images/fakehealth/fh_story_reviews_00481_01549.jpg,0,fakehealth
Old drug gets new trick for prostate cancer treatment,data/raw/images/fakehealth/fh_story_reviews_00291_01550.jpg,1,fakehealth
Can Herbs Fight Asthma?,data/raw/images/fakehealth/fh_story_reviews_00904_01551.jpg,1,fakehealth
Experimental Drug May Treat Hepatitis C,data/raw/images/fakehealth/fh_story_reviews_01580_01552.jpg,1,fakehealth
"Study: Placebo or not, acupuncture helps with pain",data/raw/images/fakehealth/fh_story_reviews_00825_01554.jpg,1,fakehealth
Study: New blood thinner works as well as Coumadin,data/raw/images/fakehealth/fh_story_reviews_01318_01556.jpg,1,fakehealth
Chinese Herb Kudzu May Help Drinkers Cut Down,data/raw/images/fakehealth/fh_story_reviews_00866_01561.jpg,1,fakehealth
Drug Fulfills Promise Of Research Into Cystic Fibrosis Gene,data/raw/images/fakehealth/fh_story_reviews_00768_01562.jpg,1,fakehealth
Botox tested to help treat depression and social anxiety,data/raw/images/fakehealth/fh_story_reviews_00250_01564.jpg,0,fakehealth
How barbershops could help lower blood pressure,data/raw/images/fakehealth/fh_story_reviews_00098_01565.jpg,1,fakehealth
New inhaler protects lungs against effects of air pollution,data/raw/images/fakehealth/fh_story_reviews_00360_01566.jpg,1,fakehealth
Julie's Health Club: Health claim: Weight loss shot dissolves fat,data/raw/images/fakehealth/fh_story_reviews_01590_01567.jpg,1,fakehealth
Cancer and Kids: Is Medical Marijuana the Answer?,data/raw/images/fakehealth/fh_story_reviews_00200_01571.jpg,1,fakehealth
FDA approves marketing for a contraception app for the 1st time,data/raw/images/fakehealth/fh_story_reviews_00042_01572.jpg,1,fakehealth
Could Worms In Your Gut Cure Your Allergies?,data/raw/images/fakehealth/fh_story_reviews_00377_01576.jpg,1,fakehealth
At-Home Sperm-Count Test Now Available,data/raw/images/fakehealth/fh_story_reviews_00913_01579.jpg,0,fakehealth
Probiotics May Help Soothe The Stomach,data/raw/images/fakehealth/fh_story_reviews_01321_01580.jpg,1,fakehealth
Club Drug Ketamine Gains Traction As A Treatment For Depression,data/raw/images/fakehealth/fh_story_reviews_00538_01583.jpg,1,fakehealth
New Eye Test May Help Predict Risk of Glaucoma,data/raw/images/fakehealth/fh_story_reviews_00767_01584.jpg,1,fakehealth
Don't Stay Up Waiting For A Pill To Fight Jet Lag,data/raw/images/fakehealth/fh_story_reviews_01265_01585.jpg,1,fakehealth
A Medicine That Blunts The Buzz Of Alcohol Can Help Drinkers Cut Back,data/raw/images/fakehealth/fh_story_reviews_00277_01586.jpg,1,fakehealth
Laughing gas makes a comeback for women in labor - like Kate Middleton,data/raw/images/fakehealth/fh_story_reviews_00071_01587.jpg,1,fakehealth
Broccoli May Slow or Reverse Some Atherosclerosis,data/raw/images/fakehealth/fh_story_reviews_00468_01588.jpg,0,fakehealth
New Colon Cancer Screening Test in the Works,data/raw/images/fakehealth/fh_story_reviews_01342_01589.jpg,1,fakehealth
"Weight-Loss Surgery Better Than Diet and Exercise in Treating Type 2 Diabetes, Study Finds",data/raw/images/fakehealth/fh_story_reviews_00586_01595.jpg,1,fakehealth
Test of Eye Drug Is Said to Show Success in Elderly,data/raw/images/fakehealth/fh_story_reviews_01115_01596.jpg,1,fakehealth
Type 1 Diabetes: Experimental Stem Cell Treatment Tested,data/raw/images/fakehealth/fh_story_reviews_00856_01598.jpg,1,fakehealth
Zinc May Prevent and Shorten Colds,data/raw/images/fakehealth/fh_story_reviews_01199_01600.jpg,0,fakehealth
IUDs and Hormonal Implants Remain Underused Contraceptives,data/raw/images/fakehealth/fh_story_reviews_00523_01601.jpg,1,fakehealth
Surgery for migraines: Help or hokum?,data/raw/images/fakehealth/fh_story_reviews_00878_01602.jpg,1,fakehealth
Early Stages Of Alzheimer's Now Get Formal Definitions : Shots,data/raw/images/fakehealth/fh_story_reviews_01124_01606.jpg,1,fakehealth
New study widens debate on the value of mammograms,data/raw/images/fakehealth/fh_story_reviews_01396_01609.jpg,1,fakehealth
Promise Seen in Drug for Fragile X Syndrome,data/raw/images/fakehealth/fh_story_reviews_01571_01610.jpg,1,fakehealth
New Support for Home Births,data/raw/images/fakehealth/fh_story_reviews_00536_01611.jpg,1,fakehealth
Weighing effectiveness versus risk in obesity drugs,data/raw/images/fakehealth/fh_story_reviews_01278_01612.jpg,0,fakehealth
"Mediterranean Diet Boosts Brain Power, Clinical Study Finds",data/raw/images/fakehealth/fh_story_reviews_00621_01613.jpg,1,fakehealth
"Flu drug, taken in single dose, could upend treatment if approved in U.S.",data/raw/images/fakehealth/fh_story_reviews_00055_01614.jpg,1,fakehealth
Is a Colonoscopy More Effective in High-Def?,data/raw/images/fakehealth/fh_story_reviews_01485_01615.jpg,1,fakehealth
Pill For Cystic Fibrosis Beats Expectations,data/raw/images/fakehealth/fh_story_reviews_01185_01616.jpg,1,fakehealth
A Mind-Reading Computer Means This Paralysed Man Can Move His Hands Again,data/raw/images/fakehealth/fh_story_reviews_00456_01620.jpg,1,fakehealth
Antidepressant May Help Ease Hot Flashes,data/raw/images/fakehealth/fh_story_reviews_01238_01621.jpg,1,fakehealth
Can Pomegranate Pills Fight Prostate Cancer?,data/raw/images/fakehealth/fh_story_reviews_01197_01622.jpg,1,fakehealth
Experts Back Angelina Jolie Pitt in Choices for Cancer Prevention,data/raw/images/fakehealth/fh_story_reviews_00646_01624.jpg,1,fakehealth
16:8 Fasting Diet Linked to Weight Loss and Health Benefits in Study,data/raw/images/fakehealth/fh_story_reviews_00061_01626.jpg,1,fakehealth
Strongest Study Yet Shows Meditation Can Lower Risk of Heart Attack and Stroke,data/raw/images/fakehealth/fh_story_reviews_00790_01627.jpg,0,fakehealth
Cutting-edge immunotherapy treatment approved for another deadly cancer,data/raw/images/fakehealth/fh_story_reviews_00155_01629.jpg,1,fakehealth
Will drinking coffee extend your life?,data/raw/images/fakehealth/fh_story_reviews_00513_01630.jpg,1,fakehealth
Could This Opioid Implant Really End The Opioid Epidemic?,data/raw/images/fakehealth/fh_story_reviews_00482_01631.jpg,1,fakehealth
Walnuts May Improve Sperm Quality in Healthy Men,data/raw/images/fakehealth/fh_story_reviews_00831_01633.jpg,1,fakehealth
Reviving Memory With An Electrical Current,data/raw/images/fakehealth/fh_story_reviews_00435_01637.jpg,0,fakehealth
"This new device claims to be the ""off switch for menstrual pain."" And it might actually work.",data/raw/images/fakehealth/fh_story_reviews_00443_01638.jpg,1,fakehealth
Taking Fish Oil During Pregnancy Is Found to Lower Child’s Asthma Risk,data/raw/images/fakehealth/fh_story_reviews_00308_01639.jpg,1,fakehealth
Prenatal Vitamins May Lower Autism Risk,data/raw/images/fakehealth/fh_story_reviews_01081_01641.jpg,1,fakehealth
FDA Approves New Device for Brain Tumor Treatment,data/raw/images/fakehealth/fh_story_reviews_01126_01643.jpg,0,fakehealth
Debate over thyroid check in pregnancy,data/raw/images/fakehealth/fh_story_reviews_00947_01644.jpg,1,fakehealth
Device for clearing up dangerous blood clots gaining popularity,data/raw/images/fakehealth/fh_story_reviews_01482_01645.jpg,0,fakehealth
Stress Test or 3-D Scan? And the Best Heart Exam Is ...,data/raw/images/fakehealth/fh_story_reviews_00658_01646.jpg,1,fakehealth
Weight Loss Pill Also Lowers Blood Pressure,data/raw/images/fakehealth/fh_story_reviews_01565_01648.jpg,1,fakehealth
Study: Bone drug lowers breast cancer risk 38% in high-risk women,data/raw/images/fakehealth/fh_story_reviews_01582_01649.jpg,1,fakehealth
How To Beat Sleep Apnea? Cut It Out (Surgically),data/raw/images/fakehealth/fh_story_reviews_01167_01650.jpg,1,fakehealth
Can elderberry help treat colds and flu?,data/raw/images/fakehealth/fh_story_reviews_00688_01651.jpg,1,fakehealth
Experimental cholesterol drug results called 'game changing',data/raw/images/fakehealth/fh_story_reviews_00895_01652.jpg,1,fakehealth
"C-Sections Are Best With a Little Labor, a Study Says",data/raw/images/fakehealth/fh_story_reviews_00504_01655.jpg,1,fakehealth
Industrial chemical OSR#1 used as autism treatment,data/raw/images/fakehealth/fh_story_reviews_01650_01656.jpg,1,fakehealth
Spinal Fluid Test May Diagnose Alzheimer's,data/raw/images/fakehealth/fh_story_reviews_01473_01658.jpg,1,fakehealth
Probiotics May Reduce Crying From Colic,data/raw/images/fakehealth/fh_story_reviews_01465_01661.jpg,0,fakehealth
How a New Treadmill Test Predicts 'Survival of the Fittest',data/raw/images/fakehealth/fh_story_reviews_00666_01662.jpg,0,fakehealth
"Freezing human eggs is gaining in popularity, and the science behind it is making strides as well",data/raw/images/fakehealth/fh_story_reviews_01488_01663.jpg,1,fakehealth
Natural Treatment for RSV Infection?,data/raw/images/fakehealth/fh_story_reviews_01689_01664.jpg,0,fakehealth
"For diabetics, taking the sting out of insulin",data/raw/images/fakehealth/fh_story_reviews_01463_01665.jpg,1,fakehealth
Lung Cancer Screening Often Raises False Alarm,data/raw/images/fakehealth/fh_story_reviews_01581_01666.jpg,1,fakehealth
Prep-free virtual colonoscopy could be as effective as scope procedure,data/raw/images/fakehealth/fh_story_reviews_00869_01668.jpg,1,fakehealth
Brain Scans Predict Dyslexia Improvements,data/raw/images/fakehealth/fh_story_reviews_01272_01669.jpg,0,fakehealth
"Science working to create workable, safe blood substitutes",data/raw/images/fakehealth/fh_story_reviews_01347_01671.jpg,1,fakehealth
Can Yoga Reduce Symptoms of Major Psychiatric Disorders?,data/raw/images/fakehealth/fh_story_reviews_00756_01673.jpg,0,fakehealth
Newly Discovered Hormone Could Yield New Treatment For Diabetes,data/raw/images/fakehealth/fh_story_reviews_00735_01676.jpg,1,fakehealth
Prostate Drug From Exelixis Shows Promise,data/raw/images/fakehealth/fh_story_reviews_01308_01677.jpg,1,fakehealth
Progress made on artificial pancreas for diabetic patients,data/raw/images/fakehealth/fh_story_reviews_01520_01678.jpg,0,fakehealth
Breast Removal Reduces Cancer Risk In Some Women,data/raw/images/fakehealth/fh_story_reviews_01427_01679.jpg,0,fakehealth
New approach to abdominal aortic aneurysm saves lives,data/raw/images/fakehealth/fh_story_reviews_00119_01681.jpg,0,fakehealth
"A Vaginal Ring Could Prevent HIV, Two Huge Studies Just Found",data/raw/images/fakehealth/fh_story_reviews_00477_01682.jpg,1,fakehealth
Study: Avid’s Imaging Dye Can Detect Alzheimer’s From Scan,data/raw/images/fakehealth/fh_story_reviews_01507_01683.jpg,1,fakehealth
Why Double Knee Replacement Might Be Best,data/raw/images/fakehealth/fh_story_reviews_00530_01688.jpg,1,fakehealth
Bite Back At Bad Cholesterol: Eat An Avocado A Day,data/raw/images/fakehealth/fh_story_reviews_00722_01689.jpg,0,fakehealth
DNA Blood Test Gives Women A New Option For Prenatal Screening,data/raw/images/fakehealth/fh_story_reviews_00705_01691.jpg,1,fakehealth
Prozac and antidepressants are less effective in children than previously thought.,data/raw/images/fakehealth/fh_story_reviews_00414_01692.jpg,0,fakehealth
How optimism may help you live longer,data/raw/images/fakehealth/fh_story_reviews_00318_01693.jpg,1,fakehealth
'Cool' New Knee Procedure Eases Arthritis Pain Without Surgery,data/raw/images/fakehealth/fh_story_reviews_00218_01694.jpg,1,fakehealth
Botox Works As Well As Nerve Stimulator for Incontinence – Study,data/raw/images/fakehealth/fh_story_reviews_00348_01698.jpg,1,fakehealth
Nsaids May Directly Ease Muscle and Joint Pain,data/raw/images/fakehealth/fh_story_reviews_01424_01699.jpg,1,fakehealth
Study: New docs' suicidal thoughts eased with online therapy,data/raw/images/fakehealth/fh_story_reviews_00519_01702.jpg,1,fakehealth
Test May Cut Unneeded Prostate Biopsies,data/raw/images/fakehealth/fh_story_reviews_01624_01708.jpg,0,fakehealth
Finding the Right Medication: Gene Test May Help Treat Depression,data/raw/images/fakehealth/fh_story_reviews_00188_01710.jpg,0,fakehealth
"New Drug May Help Some Asthmatics, Study Finds",data/raw/images/fakehealth/fh_story_reviews_00729_01711.jpg,1,fakehealth
Radiofrequency therapy relieved herniated disc pain in new study,data/raw/images/fakehealth/fh_story_reviews_00137_01712.jpg,1,fakehealth
A Simple Flashcard Test to Detect Concussions,data/raw/images/fakehealth/fh_story_reviews_00659_01713.jpg,1,fakehealth
Video News,data/raw/images/fakehealth/fh_story_reviews_01623_01715.jpg,0,fakehealth
Premature Babies May Benefit From Intensive-Care Treatment,data/raw/images/fakehealth/fh_story_reviews_00623_01716.jpg,1,fakehealth
Eating Fish May Be Good for Brain Health,data/raw/images/fakehealth/fh_story_reviews_00965_01717.jpg,1,fakehealth
Experts Debate Benefits of Prostate Cancer Tests at Any Age,data/raw/images/fakehealth/fh_story_reviews_01129_01718.jpg,1,fakehealth
What’s in the IV bag? Studies show safer option than saline,data/raw/images/fakehealth/fh_story_reviews_00102_01723.jpg,1,fakehealth
Train The Brain: Using Neurofeedback To Treat ADHD,data/raw/images/fakehealth/fh_story_reviews_01337_01727.jpg,1,fakehealth
12 Minutes of Yoga for Bone Health,data/raw/images/fakehealth/fh_story_reviews_00503_01728.jpg,1,fakehealth
Medicating Children With ADHD Keeps Them Safer,data/raw/images/fakehealth/fh_story_reviews_00375_01729.jpg,1,fakehealth
FDA OKs Implantable Telescope to Aid Vision,data/raw/images/fakehealth/fh_story_reviews_01511_01731.jpg,1,fakehealth
Pill shows a drop of up to 70% in HIV infection risk,data/raw/images/fakehealth/fh_story_reviews_01302_01732.jpg,1,fakehealth
Experimental Treatment May Help Relieve Back Pain,data/raw/images/fakehealth/fh_story_reviews_00963_01734.jpg,1,fakehealth
How a breakthrough new fertility test is offering hope for families who have suffered miscarriages,data/raw/images/fakehealth/fh_story_reviews_00002_01735.jpg,0,fakehealth
The water workout trend health experts are gushing over,data/raw/images/fakehealth/fh_story_reviews_00366_01737.jpg,0,fakehealth
Coffee may cut risk for some cancers,data/raw/images/fakehealth/fh_story_reviews_01527_01738.jpg,1,fakehealth
Acupuncture Benefit Seen in Pregnancy,data/raw/images/fakehealth/fh_story_reviews_01630_01740.jpg,1,fakehealth
Dyslexia: Scanning the brain for clues,data/raw/images/fakehealth/fh_story_reviews_01268_01741.jpg,1,fakehealth
New Device Uses Light to Screen for Melanoma,data/raw/images/fakehealth/fh_story_reviews_00976_01742.jpg,1,fakehealth
Acupuncture May Ease Hot Flashes,data/raw/images/fakehealth/fh_story_reviews_01174_01744.jpg,0,fakehealth
Jet lag research finds new potential treatment,data/raw/images/fakehealth/fh_story_reviews_00484_01748.jpg,1,fakehealth
Too Much Fat? Try a Whole-Body Scan,data/raw/images/fakehealth/fh_story_reviews_00560_01749.jpg,1,fakehealth
Portable Device May Relieve Migraine Pain,data/raw/images/fakehealth/fh_story_reviews_01625_01751.jpg,1,fakehealth
Cracking The Conundrum Of Chronic Fatigue Syndrome,data/raw/images/fakehealth/fh_story_reviews_01006_01754.jpg,0,fakehealth
Fish Oil May Fight Psychosis,data/raw/images/fakehealth/fh_story_reviews_01653_01755.jpg,1,fakehealth
New Procedure Looks Promising for Men With Enlarged Prostates,data/raw/images/fakehealth/fh_story_reviews_00246_01756.jpg,1,fakehealth
New Laser Aims to Zap Cellulite at the Source,data/raw/images/fakehealth/fh_story_reviews_00846_01760.jpg,1,fakehealth
MS Patients May Soon Bypass Painful Injections,data/raw/images/fakehealth/fh_story_reviews_01665_01761.jpg,1,fakehealth
Drug May Reduce Plaque in Brains of Alzheimer's Patients,data/raw/images/fakehealth/fh_story_reviews_00999_01762.jpg,1,fakehealth
Never Too Old to Be an Organ Donor,data/raw/images/fakehealth/fh_story_reviews_00314_01763.jpg,0,fakehealth
Why You Should Get the New Shingles Vaccine,data/raw/images/fakehealth/fh_story_reviews_00085_01768.jpg,1,fakehealth
"Triumph for Xiaflex, Drug to Straighten Clenched Fingers",data/raw/images/fakehealth/fh_story_reviews_01613_01769.jpg,1,fakehealth
Knee Braces Ease Osteoarthritis Pain,data/raw/images/fakehealth/fh_story_reviews_01588_01770.jpg,0,fakehealth
"At gathering, living proof that CPR can save cardiac-arrest victims",data/raw/images/fakehealth/fh_story_reviews_00634_01771.jpg,0,fakehealth
"In Image-Guided Operating Suites, Surgeons See Real-Time MRI, CT Scans",data/raw/images/fakehealth/fh_story_reviews_00682_01772.jpg,0,fakehealth
Excess brain fluid may predict autism in high-risk babies,data/raw/images/fakehealth/fh_story_reviews_00275_01775.jpg,1,fakehealth
Are We Overselling The Sunshine Vitamin?,data/raw/images/fakehealth/fh_story_reviews_01604_01777.jpg,1,fakehealth
DNA markers may predict impotence after prostate cancer,data/raw/images/fakehealth/fh_story_reviews_00823_01780.jpg,1,fakehealth
Medicine Given Even Before Smokers Are Ready to Quit Is Found to Help Them,data/raw/images/fakehealth/fh_story_reviews_00680_01781.jpg,1,fakehealth
Toddler brain images reveal which may have autism and struggle with language,data/raw/images/fakehealth/fh_story_reviews_00639_01782.jpg,0,fakehealth
"Testing cholesterol in toddlers, even younger? Study says it could help",data/raw/images/fakehealth/fh_story_reviews_00337_01783.jpg,1,fakehealth
What to know about the new affordable at-home BRCA genetic mutation test,data/raw/images/fakehealth/fh_story_reviews_00170_01784.jpg,1,fakehealth
Could a blood test lead to new treatments for depression?,data/raw/images/fakehealth/fh_story_reviews_00046_01788.jpg,1,fakehealth
Aspirin Cuts Death Rate From Several Common Cancers,data/raw/images/fakehealth/fh_story_reviews_01288_01791.jpg,1,fakehealth
FDA rejects Avastin as breast cancer therapy,data/raw/images/fakehealth/fh_story_reviews_01276_01792.jpg,1,fakehealth
Tiny Device Is a ‘Huge Advance’ for Treatment of Severe Heart Failure,data/raw/images/fakehealth/fh_story_reviews_00029_01798.jpg,1,fakehealth
Heart Drug Linked to Extra Years for Cancer Patients,data/raw/images/fakehealth/fh_story_reviews_00558_01800.jpg,1,fakehealth
Statins 'could be valuable addition to breast cancer treatment',data/raw/images/fakehealth/fh_story_reviews_00425_01803.jpg,0,fakehealth
How to heal head injuries? Try new app,data/raw/images/fakehealth/fh_story_reviews_00352_01806.jpg,1,fakehealth
Study: Weight-loss combo pill shows promise,data/raw/images/fakehealth/fh_story_reviews_01133_01808.jpg,1,fakehealth
Doctors test new device for uterine fibroids,data/raw/images/fakehealth/fh_story_reviews_00430_01812.jpg,1,fakehealth
Prostate Cancer Drug Gets Lukewarm Review,data/raw/images/fakehealth/fh_story_reviews_01322_01815.jpg,1,fakehealth
Drinking Coffee May Delay Alzheimer’s Disease,data/raw/images/fakehealth/fh_story_reviews_00857_01819.jpg,1,fakehealth
Occasional fasting could help you live longer,data/raw/images/fakehealth/fh_story_reviews_00474_01823.jpg,1,fakehealth
"Diet Drug Lorcaserin Safe, Effective, Study Finds",data/raw/images/fakehealth/fh_story_reviews_01499_01824.jpg,1,fakehealth
"Mediterranean diet cuts heart, diabetes risk factors",data/raw/images/fakehealth/fh_story_reviews_01173_01825.jpg,1,fakehealth
F.D.A. Approves Heart Drug Entresto Said to Cut Death Risk by 20%,data/raw/images/fakehealth/fh_story_reviews_00584_01827.jpg,1,fakehealth
'Female Viagra' May Treat Low Sexual Desire,data/raw/images/fakehealth/fh_story_reviews_01558_01829.jpg,1,fakehealth
New Treatment for Fibroids Without Surgery,data/raw/images/fakehealth/fh_story_reviews_00153_01830.jpg,1,fakehealth
Hepatitis C Drug Raises Cure Rate in a Late Trial,data/raw/images/fakehealth/fh_story_reviews_01552_01832.jpg,1,fakehealth
Blood Test May Spot Alzheimer's Before Symptoms Appear,data/raw/images/fakehealth/fh_story_reviews_01033_01833.jpg,1,fakehealth
New drugs show promise for treating high cholesterol,data/raw/images/fakehealth/fh_story_reviews_00633_01835.jpg,1,fakehealth
App Helps Save Seattle Cardiac Patient,data/raw/images/fakehealth/fh_story_reviews_00341_01836.jpg,1,fakehealth
New Drugs Stir Debate on Rules of Clinical Trials,data/raw/images/fakehealth/fh_story_reviews_01405_01837.jpg,1,fakehealth
Depression often goes undiagnosed. Researchers are turning to Facebook to change that.,data/raw/images/fakehealth/fh_story_reviews_00021_01839.jpg,1,fakehealth
"Artificial intelligence can predict Alzheimer’s 6 years earlier than medics, study finds",data/raw/images/fakehealth/fh_story_reviews_00014_01843.jpg,0,fakehealth
"This App Says It's As Good As The Pill At Preventing Pregnancy, But Experts Want More Evidence",data/raw/images/fakehealth/fh_story_reviews_00288_01847.jpg,1,fakehealth
Pill Treats Painful Fibroids,data/raw/images/fakehealth/fh_story_reviews_01515_01848.jpg,0,fakehealth
Scarred Hearts Healed After Heart Attack,data/raw/images/fakehealth/fh_story_reviews_00923_01850.jpg,0,fakehealth
Covidien tools shown effective against PAD,data/raw/images/fakehealth/fh_story_reviews_00810_01851.jpg,0,fakehealth
Breathe. Exhale. Repeat: The Benefits of Controlled Breathing,data/raw/images/fakehealth/fh_story_reviews_00332_01852.jpg,0,fakehealth
Hormone Blockers Can Prolong Life if Prostate Cancer Recurs,data/raw/images/fakehealth/fh_story_reviews_00290_01854.jpg,1,fakehealth
2 Weeks of Antibiotic Therapy Relieves IBS,data/raw/images/fakehealth/fh_story_reviews_01254_01855.jpg,0,fakehealth
Virtual Colonoscopy Gains in Popularity. Is It Right for You?,data/raw/images/fakehealth/fh_story_reviews_01178_01858.jpg,0,fakehealth
Onion Cream Treats New Stretch Marks,data/raw/images/fakehealth/fh_story_reviews_01619_01859.jpg,1,fakehealth
Cord blood stem cells help meet minority marrow needs,data/raw/images/fakehealth/fh_story_reviews_01627_01860.jpg,0,fakehealth
Michigan Athletic Group Says Concussion Program Works,data/raw/images/fakehealth/fh_story_reviews_00363_01862.jpg,1,fakehealth
Blood Test for Lung Cancer in the Works,data/raw/images/fakehealth/fh_story_reviews_01670_01863.jpg,1,fakehealth
Forget cribs. A cardboard box may be the safest place for your baby to sleep,data/raw/images/fakehealth/fh_story_reviews_00269_01864.jpg,1,fakehealth
Sluggish? Confused? Vitamin B12 May Be Low,data/raw/images/fakehealth/fh_story_reviews_01235_01868.jpg,0,fakehealth
Drug Reverses Diabetes-Related Vision Loss,data/raw/images/fakehealth/fh_story_reviews_01573_01869.jpg,1,fakehealth
Study Raises Questions About Stents in Some Heart Patients,data/raw/images/fakehealth/fh_story_reviews_00149_01871.jpg,1,fakehealth
Can Google Glass Help Autistic Children Read Faces?,data/raw/images/fakehealth/fh_story_reviews_00408_01872.jpg,1,fakehealth
"Lung Cancer Deaths Reduced by CT Scans, Study Finds",data/raw/images/fakehealth/fh_story_reviews_01328_01875.jpg,1,fakehealth
A ‘Polypill’ May Be the Next Big Preventive Fix,data/raw/images/fakehealth/fh_story_reviews_00417_01878.jpg,0,fakehealth
Firm develops magnetic-pulse treatment for major depression,data/raw/images/fakehealth/fh_story_reviews_01070_01880.jpg,1,fakehealth
Microsoft shows off watch that quiets Parkinson's tremors,data/raw/images/fakehealth/fh_story_reviews_00236_01881.jpg,0,fakehealth
Blood test could identify people who will respond to antidepressants,data/raw/images/fakehealth/fh_story_reviews_00420_01883.jpg,0,fakehealth
Can New Devices Match Heimlich to Stop Choking?,data/raw/images/fakehealth/fh_story_reviews_00394_01886.jpg,1,fakehealth
Eating Brown Rice to Cut Diabetes Risk,data/raw/images/fakehealth/fh_story_reviews_01534_01895.jpg,1,fakehealth
Experimental procedure aimed at repairing spinal cord shows promise,data/raw/images/fakehealth/fh_story_reviews_00429_01897.jpg,0,fakehealth
Nonalcoholic Beer Aids Marathon Recovery,data/raw/images/fakehealth/fh_story_reviews_01013_01899.jpg,0,fakehealth
Costly New Prostate Cancer Drug Works In Mysterious Ways,data/raw/images/fakehealth/fh_story_reviews_01483_01902.jpg,1,fakehealth
Insulin Study Could Lead to New Dosage Devices,data/raw/images/fakehealth/fh_story_reviews_01644_01905.jpg,1,fakehealth
New Breast Cancer Drug Found Deep in the Sea,data/raw/images/fakehealth/fh_story_reviews_01257_01907.jpg,1,fakehealth
Study Finds Drinking Coffee and Tea Cuts Risk of Type 2 Diabetes,data/raw/images/fakehealth/fh_story_reviews_01688_01911.jpg,0,fakehealth
Sperm problems? Smartphone device could screen for infertility,data/raw/images/fakehealth/fh_story_reviews_00264_01912.jpg,0,fakehealth
Study Finds Low-Salt Diet Ineffective but Draws Criticism From C.D.C.,data/raw/images/fakehealth/fh_story_reviews_01105_01914.jpg,1,fakehealth
"Marijuana Relieves Chronic Pain, Research Shows",data/raw/images/fakehealth/fh_story_reviews_01436_01915.jpg,0,fakehealth
"HuffPost - Breaking News, U.S. and World News",data/raw/images/fakehealth/fh_story_reviews_01428_01916.jpg,1,fakehealth
Which Anti-Depressant Is Right for You? Your DNA Can Shed Some Light,data/raw/images/fakehealth/fh_story_reviews_00074_01917.jpg,1,fakehealth
New studies say antibiotics are good for infants with confirmed ear infections,data/raw/images/fakehealth/fh_story_reviews_01244_01918.jpg,1,fakehealth
Bariatric Surgery Helps Teens With Severe Obesity Reduce Heart Disease Risk,data/raw/images/fakehealth/fh_story_reviews_00124_01920.jpg,1,fakehealth
Vitamin D: Supplement Linked to Weight Loss in Overweight and Obese Children,data/raw/images/fakehealth/fh_story_reviews_00026_01921.jpg,0,fakehealth
Annual Mammograms May Have More False-Positives,data/raw/images/fakehealth/fh_story_reviews_00992_01922.jpg,1,fakehealth
Heart Scan Can Fine-Tune Risk Estimate for Patients Considering Statins,data/raw/images/fakehealth/fh_story_reviews_00533_01923.jpg,1,fakehealth
Nicotine Replacement Treatments May Not Work Long-Term,data/raw/images/fakehealth/fh_story_reviews_00940_01924.jpg,1,fakehealth
Organ-On-Chip Could Revolutionize Drug Testing,data/raw/images/fakehealth/fh_story_reviews_00587_01925.jpg,1,fakehealth
Brain scans may someday detect autism – The Chart,data/raw/images/fakehealth/fh_story_reviews_01190_01926.jpg,1,fakehealth
Gene therapy makes a big advance treating hemophilia B blood disorder,data/raw/images/fakehealth/fh_story_reviews_00134_01927.jpg,1,fakehealth
Cholesterol Drugs May Treat Psoriasis,data/raw/images/fakehealth/fh_story_reviews_01621_01928.jpg,0,fakehealth
Hormone-infused nasal spray found to help people with autism,data/raw/images/fakehealth/fh_story_reviews_01638_01929.jpg,1,fakehealth
T-cell therapy results more modest than hoped for chronic leukemia,data/raw/images/fakehealth/fh_story_reviews_00552_01930.jpg,1,fakehealth
Study: Whooping cough vaccination during pregnancy protects newborns,data/raw/images/fakehealth/fh_story_reviews_00164_01931.jpg,1,fakehealth
Fruits and Veggies May Prolong Your Life,data/raw/images/fakehealth/fh_story_reviews_01307_01932.jpg,0,fakehealth
A Cure for Digital Addicts’ ‘Text Neck’?,data/raw/images/fakehealth/fh_story_reviews_00428_01936.jpg,1,fakehealth
Promise Seen for Detection of Alzheimer’s,data/raw/images/fakehealth/fh_story_reviews_01523_01937.jpg,1,fakehealth
Baby aspirin linked to reduced cancer deaths,data/raw/images/fakehealth/fh_story_reviews_01283_01939.jpg,1,fakehealth
Brain tumor breached with ultrasound in medical first,data/raw/images/fakehealth/fh_story_reviews_00516_01940.jpg,1,fakehealth
Tests of Cholesterol Drugs Offer Hope of Reducing Heart Attacks and Strokes,data/raw/images/fakehealth/fh_story_reviews_00657_01945.jpg,1,fakehealth
Injecting Migraine Pain Away,data/raw/images/fakehealth/fh_story_reviews_01258_01946.jpg,1,fakehealth
Is there a 'natural' aid for diabetes?,data/raw/images/fakehealth/fh_story_reviews_01240_01947.jpg,1,fakehealth
"For Headaches, A Lifestyle Change May Be Better Than A Doctor Visit",data/raw/images/fakehealth/fh_story_reviews_00622_01951.jpg,0,fakehealth
New breast cancer screening guidelines at odds with Congress,data/raw/images/fakehealth/fh_story_reviews_00496_01954.jpg,1,fakehealth
New Ways to Fight Super Lice,data/raw/images/fakehealth/fh_story_reviews_00362_01956.jpg,1,fakehealth
New Eczema Drug Dupixent wins FDA Approval,data/raw/images/fakehealth/fh_story_reviews_00260_01958.jpg,1,fakehealth
Study: Antibiotics Defeat Ear Infections In Kids,data/raw/images/fakehealth/fh_story_reviews_01242_01959.jpg,1,fakehealth
A new course for concussions,data/raw/images/fakehealth/fh_story_reviews_00814_01961.jpg,1,fakehealth
"Pill may make pizza, pasta safe for gluten-free diners",data/raw/images/fakehealth/fh_story_reviews_00575_01962.jpg,0,fakehealth
Generic Drug Could Save Many Trauma Patients,data/raw/images/fakehealth/fh_story_reviews_01531_01963.jpg,1,fakehealth
Same-Day Hip Replacement,data/raw/images/fakehealth/fh_story_reviews_00485_01964.jpg,0,fakehealth
Should you walk or run for exercise? Here's what the science says.,data/raw/images/fakehealth/fh_story_reviews_00256_01965.jpg,1,fakehealth
How To Help People Lose Weight? Give ‘Em Free Meals and Money!,data/raw/images/fakehealth/fh_story_reviews_01371_01966.jpg,1,fakehealth
Pills Offer Easier Way to Treat MS,data/raw/images/fakehealth/fh_story_reviews_01088_01967.jpg,1,fakehealth
"Trans fats ban linked with fewer heart attacks, strokes",data/raw/images/fakehealth/fh_story_reviews_00251_01970.jpg,1,fakehealth
Tracking the risks and rewards of transcranial magnetic stimulation,data/raw/images/fakehealth/fh_story_reviews_00453_01974.jpg,1,fakehealth
Weight-Loss Drugs Face High Hurdles At FDA,data/raw/images/fakehealth/fh_story_reviews_00919_01976.jpg,1,fakehealth
"‘Pacemaker’ for the Brain Can Help Memory, Study Finds",data/raw/images/fakehealth/fh_story_reviews_00248_01977.jpg,1,fakehealth
"Vaccine shows protection against gonorrhea for first time, study says",data/raw/images/fakehealth/fh_story_reviews_00203_01981.jpg,1,fakehealth
Beyond The Nasty Needle: Trying To Make Vaccines More Comfy And Convenient,data/raw/images/fakehealth/fh_story_reviews_00197_01982.jpg,1,fakehealth
"Aspirin might reduce recurrence risk for breast cancer survivors, study finds",data/raw/images/fakehealth/fh_story_reviews_01636_01983.jpg,1,fakehealth
More Consensus on Coffee’s Effect on Health Than You Might Think,data/raw/images/fakehealth/fh_story_reviews_00624_01984.jpg,1,fakehealth
A New Check for Heart Problems,data/raw/images/fakehealth/fh_story_reviews_00843_01990.jpg,0,fakehealth
New Devices to Help Heart Patients,data/raw/images/fakehealth/fh_story_reviews_01528_01993.jpg,0,fakehealth
No-Scalpel Treatment for Enlarged Prostate,data/raw/images/fakehealth/fh_story_reviews_01151_01997.jpg,0,fakehealth
"Aspirin Helps Reduce Cancer Deaths, Study Finds",data/raw/images/fakehealth/fh_story_reviews_01287_01998.jpg,1,fakehealth
Folic acid in pregnancy may help lower autism risk,data/raw/images/fakehealth/fh_story_reviews_00751_01999.jpg,1,fakehealth
Learning to Say No to Dialysis,data/raw/images/fakehealth/fh_story_reviews_00643_02000.jpg,1,fakehealth
Giving a Heart a Hand,data/raw/images/fakehealth/fh_story_reviews_01691_02003.jpg,1,fakehealth
A Grief So Deep It Won’t Die,data/raw/images/fakehealth/fh_story_reviews_00561_02007.jpg,1,fakehealth
Study: Stroke deaths higher where fried fish aplenty,data/raw/images/fakehealth/fh_story_reviews_01267_02008.jpg,1,fakehealth
Worried About Dementia? You Might Want to Check Your Blood Pressure,data/raw/images/fakehealth/fh_story_reviews_00050_02010.jpg,1,fakehealth
This isn’t hype: Canadian doctors just reversed severe MS using stem cells,data/raw/images/fakehealth/fh_story_reviews_00418_02011.jpg,1,fakehealth
New Anticlotting Drug Beats Plavix,data/raw/images/fakehealth/fh_story_reviews_01669_02012.jpg,1,fakehealth
Can Enzymes Make the Meal?,data/raw/images/fakehealth/fh_story_reviews_00742_02015.jpg,0,fakehealth
"Lilly’s Alzheimer’s Drug May Slow Patients’ Decline, Study Shows",data/raw/images/fakehealth/fh_story_reviews_00574_02016.jpg,1,fakehealth
Urine Test May Help Predict Prostate Cancer,data/raw/images/fakehealth/fh_story_reviews_01032_02019.jpg,1,fakehealth
Acupuncture May Be Worth a Shot for COPD,data/raw/images/fakehealth/fh_story_reviews_00867_02020.jpg,0,fakehealth
Study: PSA Testing Cuts Worst Prostate Cancers,data/raw/images/fakehealth/fh_story_reviews_00838_02026.jpg,1,fakehealth
Tomatoes May Lower Your Risk for Stroke,data/raw/images/fakehealth/fh_story_reviews_00813_02031.jpg,1,fakehealth
Powdered Ginger May Ease Seasonal Allergy Symptoms,data/raw/images/fakehealth/fh_story_reviews_00543_02033.jpg,1,fakehealth
A Green Light for Red Palm Oil as Health Aid?,data/raw/images/fakehealth/fh_story_reviews_00569_02034.jpg,1,fakehealth
A Rubber Twist On Treating Tennis Elbow Pain,data/raw/images/fakehealth/fh_story_reviews_01042_02035.jpg,1,fakehealth
Beetroot juice and blood pressure: Study and benefits,data/raw/images/fakehealth/fh_story_reviews_00710_02037.jpg,1,fakehealth
Ladies: 5 ways to feel sexy again,data/raw/images/fakehealth/fh_story_reviews_01524_02038.jpg,0,fakehealth
New Approach Advised to Treat Schizophrenia,data/raw/images/fakehealth/fh_story_reviews_00527_02040.jpg,1,fakehealth
Vitamin B and its role in improving memory,data/raw/images/fakehealth/fh_story_reviews_01326_02041.jpg,1,fakehealth
Starting school later might really help sleep-deprived teens,data/raw/images/fakehealth/fh_story_reviews_00312_02042.jpg,1,fakehealth
Here’s how a five-day diet that mimics fasting may ‘reboot’ the body and reduce cancer risk,data/raw/images/fakehealth/fh_story_reviews_00599_02045.jpg,0,fakehealth
U.S. Approves Drug to Treat Varicose Veins,data/raw/images/fakehealth/fh_story_reviews_01564_02046.jpg,0,fakehealth
A Diet High In Fiber May Help Protect Against Breast Cancer,data/raw/images/fakehealth/fh_story_reviews_00487_02049.jpg,1,fakehealth
University of Pennsylvania gene therapy shows promise in eradicating some blood cancers,data/raw/images/fakehealth/fh_story_reviews_00775_02051.jpg,1,fakehealth
FDA approves first blood test for concussion,data/raw/images/fakehealth/fh_story_reviews_00107_02055.jpg,1,fakehealth
Cervical cancer vaccine shows promise,data/raw/images/fakehealth/fh_story_reviews_00809_02056.jpg,1,fakehealth
Alexander Technique: A Balm For Back Pain?,data/raw/images/fakehealth/fh_story_reviews_01153_02058.jpg,0,fakehealth
New Scan May Spot Alzheimer’s,data/raw/images/fakehealth/fh_story_reviews_01502_02059.jpg,0,fakehealth
Studies: Bone drugs may help prevent breast cancer,data/raw/images/fakehealth/fh_story_reviews_01699_02061.jpg,1,fakehealth
"Freeze! Zap! Bye-Bye, Fat",data/raw/images/fakehealth/fh_story_reviews_01411_02062.jpg,1,fakehealth
"Tai Chi Eases Symptoms of Fibromyalgia, Study Finds",data/raw/images/fakehealth/fh_story_reviews_01452_02064.jpg,1,fakehealth
Some Doctors Question New Cancer Treatment,data/raw/images/fakehealth/fh_story_reviews_01376_02070.jpg,1,fakehealth
FDA Approves Cystic Fibrosis Drug,data/raw/images/fakehealth/fh_story_reviews_00931_02072.jpg,1,fakehealth
Legal marijuana could help offset opioid epidemic,data/raw/images/fakehealth/fh_story_reviews_00086_02075.jpg,1,fakehealth
Study: Vitamin B12 may help ward off Alzheimer's,data/raw/images/fakehealth/fh_story_reviews_01358_02078.jpg,1,fakehealth
Pushing Limits of New Knees,data/raw/images/fakehealth/fh_story_reviews_01122_02079.jpg,1,fakehealth
Alcoholics Anonymous works for some people. A new study suggests the alternatives do too.,data/raw/images/fakehealth/fh_story_reviews_00100_02080.jpg,1,fakehealth
A better way to help people quit smoking?,data/raw/images/fakehealth/fh_story_reviews_00715_02081.jpg,1,fakehealth
Penn study questions Lariat device to prevent stroke in heart patients,data/raw/images/fakehealth/fh_story_reviews_00626_02082.jpg,1,fakehealth
"Women with Stage 4 breast cancer survive longer if they have surgery, study shows",data/raw/images/fakehealth/fh_story_reviews_00507_02084.jpg,1,fakehealth
Five Nobel laureates backing antiaging dietary supplement,data/raw/images/fakehealth/fh_story_reviews_00696_02085.jpg,1,fakehealth
"Antibiotics speed up recovery from ear infections in young children, studies show",data/raw/images/fakehealth/fh_story_reviews_01243_02086.jpg,1,fakehealth
Managing the stress of cancer,data/raw/images/fakehealth/fh_story_reviews_00642_02089.jpg,0,fakehealth
Cempra’s lead oral antibiotic meets main goal in late-stage trial,data/raw/images/fakehealth/fh_story_reviews_00726_02092.jpg,0,fakehealth
"Not All Calories Equal, Study Shows",data/raw/images/fakehealth/fh_story_reviews_00851_02093.jpg,1,fakehealth
Why Weight Loss Surgery Works When Diets Don’t,data/raw/images/fakehealth/fh_story_reviews_00286_02094.jpg,1,fakehealth
Scientists are using herpes to treat skin cancer — and it’s working,data/raw/images/fakehealth/fh_story_reviews_00612_02095.jpg,1,fakehealth
Older women with healthy bones may not need frequent bone scans,data/raw/images/fakehealth/fh_story_reviews_01359_02097.jpg,0,fakehealth
Here's new evidence that widespread breast cancer screening isn't effective,data/raw/images/fakehealth/fh_story_reviews_00588_02101.jpg,1,fakehealth
"Surgery For Sinus Misery: Better, But Still No Cure",data/raw/images/fakehealth/fh_story_reviews_01378_02103.jpg,1,fakehealth
Migraine patients can now try three new drugs for prevention,data/raw/images/fakehealth/fh_story_reviews_00023_02107.jpg,1,fakehealth
Eating More — Or Less — Of 10 Foods May Cut Risk Of Early Death,data/raw/images/fakehealth/fh_story_reviews_00272_02108.jpg,1,fakehealth
FDA Approves Krystexxa to Treat Gout,data/raw/images/fakehealth/fh_story_reviews_01409_02115.jpg,0,fakehealth
Progress Toward Blood Test for Down Syndrome,data/raw/images/fakehealth/fh_story_reviews_01247_02116.jpg,1,fakehealth
Cell therapy in protective bubble offers hope for diabetes fix,data/raw/images/fakehealth/fh_story_reviews_00489_02117.jpg,1,fakehealth
A No-Cringe Fix? Filling Cavities Without The Drill,data/raw/images/fakehealth/fh_story_reviews_01394_02118.jpg,0,fakehealth
New Drug Spray May Help Premature Ejaculation,data/raw/images/fakehealth/fh_story_reviews_01546_02119.jpg,1,fakehealth
Daily Aspirin May Reduce Risk of Cancer Death,data/raw/images/fakehealth/fh_story_reviews_00833_02121.jpg,1,fakehealth
Regular Fasting May Boost Heart Health,data/raw/images/fakehealth/fh_story_reviews_01143_02123.jpg,0,fakehealth
"Light therapy effective for treating depression, not just winter blues",data/raw/images/fakehealth/fh_story_reviews_00511_02124.jpg,1,fakehealth
Gene Therapy Cures Adult Leukemia,data/raw/images/fakehealth/fh_story_reviews_01027_02126.jpg,1,fakehealth
Muscular Dystrophy: Heartbroken Family Awaits FDA Decision on Experimental Drug,data/raw/images/fakehealth/fh_story_reviews_00156_02131.jpg,1,fakehealth
Can’t Get to Sleep? Lay Off the Drugs,data/raw/images/fakehealth/fh_story_reviews_00325_02133.jpg,1,fakehealth
More Aggressive Treatment for Weekend Stroke - First Aid: Injury Prevention,data/raw/images/fakehealth/fh_story_reviews_01674_02134.jpg,1,fakehealth
Do you take calcium and vitamin D to protect your bones? A new study says it doesn't help,data/raw/images/fakehealth/fh_story_reviews_00128_02135.jpg,1,fakehealth
Low-Carb Diet Lowers Blood Pressure,data/raw/images/fakehealth/fh_story_reviews_01662_02136.jpg,0,fakehealth
"Menopause 'hot flash' medicine could cut symptom by three quarters, trial shows",data/raw/images/fakehealth/fh_story_reviews_00097_02137.jpg,0,fakehealth
Prostate Cancer Studies Find Benefit in Daily Acetaminophen and Brisk Walks,data/raw/images/fakehealth/fh_story_reviews_01084_02138.jpg,0,fakehealth
"More than shots, there's new help for allergy sufferers",data/raw/images/fakehealth/fh_story_reviews_00454_02139.jpg,1,fakehealth
Extended Use of Breast Cancer Drug Suggested,data/raw/images/fakehealth/fh_story_reviews_00778_02140.jpg,1,fakehealth
Thyme’s Time as an Acne Remedy May Be Coming Soon,data/raw/images/fakehealth/fh_story_reviews_00882_02141.jpg,1,fakehealth
New Epilepsy Tactic: Fight Inflammation,data/raw/images/fakehealth/fh_story_reviews_00859_02143.jpg,1,fakehealth
FDA Approves First Drug To Prevent Preterm Births,data/raw/images/fakehealth/fh_story_reviews_01216_02144.jpg,1,fakehealth
Promising new lymphoma treatment gets fast-tracked by FDA,data/raw/images/fakehealth/fh_story_reviews_00258_02152.jpg,0,fakehealth
"New class of blood pressure meds as effective as old, analysis shows",data/raw/images/fakehealth/fh_story_reviews_00502_02153.jpg,1,fakehealth
"Cannabidiol slashes seizures in kids with rare epilepsy, study finds",data/raw/images/fakehealth/fh_story_reviews_00227_02154.jpg,1,fakehealth
Why to Eat Like a Greek,data/raw/images/fakehealth/fh_story_reviews_01171_02155.jpg,1,fakehealth
Can Aspirin Help Ward Off Skin Cancer?,data/raw/images/fakehealth/fh_story_reviews_00861_02156.jpg,1,fakehealth
Could A Zap To The Brain Derail Destructive Impulses?,data/raw/images/fakehealth/fh_story_reviews_00130_02159.jpg,1,fakehealth
"Antidepressants in pregnancy pose little risk to babies, study finds",data/raw/images/fakehealth/fh_story_reviews_00608_02160.jpg,1,fakehealth
"Studies show that for kids' ear infections, antibiotics work better than waiting",data/raw/images/fakehealth/fh_story_reviews_01245_02161.jpg,0,fakehealth
OrCam helps the blind math teacher 'see' again,data/raw/images/fakehealth/fh_story_reviews_00532_02163.jpg,1,fakehealth
Baby Deadline Test: Beat Your Biological Clock,data/raw/images/fakehealth/fh_story_reviews_00463_02165.jpg,0,fakehealth
"Kangaroo Care Helps Preemies And Full Term Babies, Too",data/raw/images/fakehealth/fh_story_reviews_00297_02166.jpg,1,fakehealth
FDA approves new drug that prevents migraines without side effects,data/raw/images/fakehealth/fh_story_reviews_00070_02167.jpg,1,fakehealth
Clot-Busting Drug May Prevent Disability From Mild Stroke,data/raw/images/fakehealth/fh_story_reviews_01208_02168.jpg,1,fakehealth
Pediatricians Decide Boys Are Better Off Circumcised Than Not,data/raw/images/fakehealth/fh_story_reviews_00830_02169.jpg,1,fakehealth
Drug Shows Promise For Newborn Blindness,data/raw/images/fakehealth/fh_story_reviews_01196_02170.jpg,1,fakehealth
New Findings Could Save Lives of More Stroke Patients,data/raw/images/fakehealth/fh_story_reviews_00117_02176.jpg,1,fakehealth
Surgery-free option for appendicitis could become norm,data/raw/images/fakehealth/fh_story_reviews_00601_02177.jpg,1,fakehealth
Yoga May Help Low Back Pain. Mental Effects? Not So Much,data/raw/images/fakehealth/fh_story_reviews_00984_02178.jpg,1,fakehealth
Algenist’s Algae-Based Skin Products Rise From the Sea,data/raw/images/fakehealth/fh_story_reviews_01155_02179.jpg,0,fakehealth
Allergy treatments enter new era as money pours into field,data/raw/images/fakehealth/fh_story_reviews_00323_02180.jpg,1,fakehealth
Compound May Fight Hard-to-Treat Lung Cancer,data/raw/images/fakehealth/fh_story_reviews_01684_02181.jpg,0,fakehealth
Drug for Immune Disorders Helps Alzheimer's,data/raw/images/fakehealth/fh_story_reviews_01586_02182.jpg,1,fakehealth
Lost Posture: Why Some Indigenous Cultures May Not Have Back Pain,data/raw/images/fakehealth/fh_story_reviews_00607_02183.jpg,1,fakehealth
"When Bariatric Surgery's Benefits Wane, This Procedure Can Help",data/raw/images/fakehealth/fh_story_reviews_00712_02187.jpg,1,fakehealth
Marisa Tomei opens up about her struggle with chronic dry eye,data/raw/images/fakehealth/fh_story_reviews_00350_02189.jpg,0,fakehealth
Thinning Hair? A New Treatment Offers Hope,data/raw/images/fakehealth/fh_story_reviews_00183_02190.jpg,1,fakehealth
Some appendicitis cases may not require 'emergency' surgery,data/raw/images/fakehealth/fh_story_reviews_01403_02191.jpg,1,fakehealth
"Prostate Cancer Treatment Shows Promise in Small Study, Could Lead to Fewer Side Effects",data/raw/images/fakehealth/fh_story_reviews_00880_02193.jpg,0,fakehealth
"""Bubble baby"" stem cell treatment looks like a cure",data/raw/images/fakehealth/fh_story_reviews_00508_02196.jpg,0,fakehealth
Topical Gel Treats Precancerous Skin Condition,data/raw/images/fakehealth/fh_story_reviews_00898_02197.jpg,0,fakehealth
Cortisol levels in children's hair may reveal future mental health risk,data/raw/images/fakehealth/fh_story_reviews_00497_02198.jpg,0,fakehealth
Treatment Shows Promise for Premature Ejaculation,data/raw/images/fakehealth/fh_story_reviews_00962_02199.jpg,1,fakehealth
Is Chocolate the Next Super Food?,data/raw/images/fakehealth/fh_story_reviews_01214_02200.jpg,0,fakehealth
Why Tortillas May Hold The Key To Healthier Babies,data/raw/images/fakehealth/fh_story_reviews_00500_02201.jpg,1,fakehealth
A cocktail to remember? Nutrient elixir shows promise against Alzheimer’s,data/raw/images/fakehealth/fh_story_reviews_01677_02202.jpg,0,fakehealth
Berries May Ward Off Parkinson’s Disease,data/raw/images/fakehealth/fh_story_reviews_01206_02203.jpg,0,fakehealth
Trippy depression treatment? Hopes and hype for ketamine,data/raw/images/fakehealth/fh_story_reviews_00015_02205.jpg,1,fakehealth
Should Pregnant Women Eat More Tuna?,data/raw/images/fakehealth/fh_story_reviews_00669_02211.jpg,1,fakehealth
French Company Promotes Its Artificial Heart Technology,data/raw/images/fakehealth/fh_story_reviews_01497_02212.jpg,0,fakehealth
"In a First, Gene Therapy Halts a Fatal Brain Disease",data/raw/images/fakehealth/fh_story_reviews_00160_02214.jpg,1,fakehealth
Study: Brain suffers when fish oil falls short,data/raw/images/fakehealth/fh_story_reviews_00910_02216.jpg,0,fakehealth
A new study suggests it’s possible to get people off opioids and improve their pain,data/raw/images/fakehealth/fh_story_reviews_00198_02217.jpg,1,fakehealth
"Ovarian cancer blood tests: Available, not widely used",data/raw/images/fakehealth/fh_story_reviews_00416_02218.jpg,1,fakehealth
Stitching Up Shoulders,data/raw/images/fakehealth/fh_story_reviews_01159_02219.jpg,1,fakehealth
Vitamin B12 Linked to Lower Alzheimer’s Risk,data/raw/images/fakehealth/fh_story_reviews_01354_02223.jpg,0,fakehealth
An Online Program May Help Prevent Depression In Some People,data/raw/images/fakehealth/fh_story_reviews_00444_02224.jpg,1,fakehealth
Drug may cut menopause after breast cancer chemo,data/raw/images/fakehealth/fh_story_reviews_01045_02226.jpg,1,fakehealth
"High-intensity interval training may have anti-aging benefits, study finds",data/raw/images/fakehealth/fh_story_reviews_00273_02227.jpg,0,fakehealth
Mail-Order Viruses Are The New Antibiotics,data/raw/images/fakehealth/fh_story_reviews_00694_02228.jpg,1,fakehealth
"Before Starting A Statin, Talk It Over With Your Doctor",data/raw/images/fakehealth/fh_story_reviews_00005_02229.jpg,1,fakehealth
There's a promising new HIV vaccine candidate in the pipeline,data/raw/images/fakehealth/fh_story_reviews_00196_02232.jpg,1,fakehealth
Fighting genetic disease with help from HIV virus,data/raw/images/fakehealth/fh_story_reviews_00340_02234.jpg,0,fakehealth
