claim_text,image_path,label,source_dataset
The Coronavirus: What Scientists Have Learned So Far,data/raw/images/recovery/0.jpg,1,recovery
Chinese Health Officials: More Die From Newly Identified Coronavirus,data/raw/images/recovery/1.jpg,1,recovery
Everything you need to know about the coronavirus,data/raw/images/recovery/2.jpg,1,recovery
Novel Coronavirus Cases Confirmed To Be Spreading,data/raw/images/recovery/nan,0,recovery
Coronavirus disrupts the world: updates on the pandemic,data/raw/images/recovery/4.jpg,1,recovery
China reports 25 coronavirus deaths; US prepares evacuation,data/raw/images/recovery/5.jpg,1,recovery
Corona Virus [YEAR] : A Global Pandemic,data/raw/images/recovery/nan,0,recovery
Natural Ways To Combat Flu Virus Symptoms,data/raw/images/recovery/nan,0,recovery
"Trump s Legal Team Shifts Defense Argument, Coronavirus Outbreak, Pompeo In Britain",data/raw/images/recovery/8.jpg,1,recovery
[YEAR] Coronavirus Report,data/raw/images/recovery/nan,0,recovery
How Viruses Easily Infect People Via Their Eyes During Outings,data/raw/images/recovery/nan,0,recovery
Antiviral Developed Using Sugar,data/raw/images/recovery/nan,0,recovery
"Coconut Oil s History in Destroying Viruses, Including Coronaviruses",data/raw/images/recovery/12.jpg,0,recovery
Are Officials In China Downplaying Infection Numbers,data/raw/images/recovery/nan,0,recovery
Coronavirus Whistleblower Dies From The Disease In China,data/raw/images/recovery/14.jpg,1,recovery
American With Coronavirus Dies At Hospital Near Center Of Epidemic,data/raw/images/recovery/15.jpg,1,recovery
Global Research Pushes Molecular Medicine Therapy for Coronavirus Treatment,data/raw/images/recovery/nan,0,recovery
CDC Expert Says Coronavirus Is Not Controllable Will Spread,data/raw/images/recovery/nan,0,recovery
Don t Die From The Flu,data/raw/images/recovery/nan,0,recovery
Heartland Weekly The Disastrous Socialist Revolution,data/raw/images/recovery/nan,0,recovery
Medical Association Concerned About Cancer and Damage to Nervous System (Updated),data/raw/images/recovery/nan,0,recovery
Reducing Diagnostic Time Of Coronavirus,data/raw/images/recovery/nan,0,recovery
The Next Frontier of Mitochondrial Medical Applications ( [YEAR] ),data/raw/images/recovery/nan,0,recovery
Coronavirus Infections May Be Going Undetected,data/raw/images/recovery/nan,0,recovery
Philippines and Singapore Testing Coconut Oil as Possible Treatment for Coronavirus,data/raw/images/recovery/24.jpg,0,recovery
Trump Appoints Pence To Lead Government s Coronavirus Response,data/raw/images/recovery/25.jpg,1,recovery
"Coronavirus Community Transmission, Trump Virus Response, Deadly New Delhi Riots",data/raw/images/recovery/26.jpg,1,recovery
America s First Case Of Community Spread Coronavirus,data/raw/images/recovery/nan,0,recovery
How to Think About the Plummeting Stock Market,data/raw/images/recovery/28.jpg,1,recovery
Stock Market Continues Plummet As Coronavirus Fears Continue Rise,data/raw/images/recovery/29.jpg,1,recovery
Lawmakers Press Administration For More Transparency About Coronavirus Response,data/raw/images/recovery/30.jpg,1,recovery
Orange County Declares Local Health Emergency,data/raw/images/recovery/nan,0,recovery
Megachurch In South Korea Accused Of Spreading Coronavirus,data/raw/images/recovery/32.jpg,1,recovery
The Threat of the Coronavirus to the U.S. Economy,data/raw/images/recovery/nan,1,recovery
US Election; Delhi Clashes; Syria; Assange; Coronavirus,data/raw/images/recovery/nan,0,recovery
New Compounds Fight Multiple Viruses,data/raw/images/recovery/nan,0,recovery
INFO TO PROPER PARTIES TO ASSIST WITH CORONAVIRUS CONTAINMENT,data/raw/images/recovery/nan,0,recovery
"Bay Area coronavirus map: 11,279 cases, 392 deaths, in 10 counties",data/raw/images/recovery/nan,1,recovery
COVID-19 Newest Prevention Method: Dynamito Mitochondria,data/raw/images/recovery/nan,0,recovery
The Missing Narratives in the Debate for Medicare for All,data/raw/images/recovery/nan,0,recovery
Official Statement From China For Recommended Treatment Of COVID-19 Using Vitamin C,data/raw/images/recovery/nan,0,recovery
"Does weed kill coronavirus (Sorry, but no)",data/raw/images/recovery/41.jpg,1,recovery
Facebook temporarily bans ads for medical face masks to prevent coronavirus exploitation,data/raw/images/recovery/42.jpg,1,recovery
Nikon delays D6 camera due to lack of parts,data/raw/images/recovery/43.jpg,1,recovery
Mutation Which Makes Coronavirus Extremely Infectious,data/raw/images/recovery/nan,0,recovery
NASA center in California issues mandatory work-from-home policy after employee tests positive for COVID-19,data/raw/images/recovery/45.jpg,1,recovery
U.S. Army Forces In South Korea And Italy Told To Stay Put As Coronavirus Spreads,data/raw/images/recovery/46.jpg,1,recovery
US Election; Israeli Vote; Syria; Coronavirus,data/raw/images/recovery/nan,0,recovery
US coronavirus map: Tracking the outbreak,data/raw/images/recovery/48.jpg,1,recovery
Coronavirus experts on what to do and U.S. response to the pandemic,data/raw/images/recovery/49.jpg,1,recovery
Would You Be Willing To Be Voluntarily Infected With Coronavirus,data/raw/images/recovery/nan,0,recovery
Coronavirus fears may affect how airlines curb their carbon emissions in [YEAR],data/raw/images/recovery/51.jpg,1,recovery
Coronavirus: Live updates,data/raw/images/recovery/52.jpg,1,recovery
Greta Thunberg urges climate protests to move online because of coronavirus outbreaks,data/raw/images/recovery/53.jpg,1,recovery
Coronavirus Is Making It Even Harder For The Census To Count Every U.S. Resident,data/raw/images/recovery/54.jpg,1,recovery
A Scientific Look at Botanical Plants and Supplements Against Coronavirus,data/raw/images/recovery/nan,0,recovery
Puzzle Game Aims To Crowdsource A COVID-19 Cure,data/raw/images/recovery/nan,0,recovery
Risk Factors For COVID-19 Related Death Identified,data/raw/images/recovery/nan,0,recovery
Coronavirus: Broadway theaters forced to close by N.Y. governor,data/raw/images/recovery/58.jpg,1,recovery
Broadway Shutters Its Stages Amid Coronavirus Threat,data/raw/images/recovery/59.jpg,1,recovery
AHL joins NHL in suspending season due to coronavirus,data/raw/images/recovery/60.jpg,1,recovery
A guide to the COVID-19 pandemic,data/raw/images/recovery/61.jpg,1,recovery
An unthinkable Thursday: Coronavirus brings the sports world to a screeching halt,data/raw/images/recovery/62.jpg,1,recovery
Which States Are Reopening A State-By-State Guide,data/raw/images/recovery/63.jpg,1,recovery
"Chicago entertainment events canceled, postponed due to coronavirus",data/raw/images/recovery/64.jpg,1,recovery
"10 happy, joyful, funny TV shows to watch to escape the coronavirus news, from Queer Eye to Gilmore",data/raw/images/recovery/65.jpg,1,recovery
Green Room podcast: Coronavirus turns sports world upside down,data/raw/images/recovery/66.jpg,1,recovery
Peddling Disinformation on COVID-19,data/raw/images/recovery/nan,0,recovery
"Trump, Pelosi Agree On Coronavirus Relief Bill. Next Hurdle: The Senate",data/raw/images/recovery/68.jpg,1,recovery
Got coronavirus questions We brought in an expert to answer them live,data/raw/images/recovery/69.jpg,1,recovery
Q A: Can I go outside Should I get an antibody test Plus other coronavirus questions answered.,data/raw/images/recovery/nan,1,recovery
Activists pick up their phones and move online as coronavirus curbs protests,data/raw/images/recovery/71.jpg,1,recovery
Coronavirus in Europe: Live data tracker,data/raw/images/recovery/72.jpg,1,recovery
Instagram cracks down on coronavirus AR effects,data/raw/images/recovery/73.jpg,1,recovery
Trump Steps In To Help Oil Industry Facing Its Own Coronavirus Crisis,data/raw/images/recovery/74.jpg,1,recovery
These Lab Animals Will Help Fight Coronavirus,data/raw/images/recovery/75.jpg,1,recovery
PODCAST: Panic Is a Terrible Idea Talking Wuhan Virus (Coronavirus or COVID-19) and Some On Theme Music Vids,data/raw/images/recovery/nan,0,recovery
USA TODAY Launches Special Section Dedicated to the Nation s Health Amid Coronavirus Outbreak,data/raw/images/recovery/77.jpg,1,recovery
"Global Deaths From Coronavirus Surpass 6,000",data/raw/images/recovery/78.jpg,1,recovery
100 things to do while stuck inside due to a pandemic,data/raw/images/recovery/79.jpg,1,recovery
Moog and Korg are offering synth apps for free while we re all stuck at home,data/raw/images/recovery/80.jpg,1,recovery
Tracking The Pandemic: How Quickly Is The Coronavirus Spreading State By State,data/raw/images/recovery/81.jpg,1,recovery
How NASA is preparing to launch humans to space as coronavirus pandemic worsens,data/raw/images/recovery/82.jpg,1,recovery
"Gatherings Should Be Limited to 10 People, Trump Says",data/raw/images/recovery/83.jpg,1,recovery
FDA Gives Green Light To 2nd Commercial COVID-19 Test,data/raw/images/recovery/nan,0,recovery
Harry Dunn; Who Will US Invade Next; Coronavirus,data/raw/images/recovery/nan,0,recovery
This map shows how coronavirus has struck much of LA County,data/raw/images/recovery/86.jpg,1,recovery
Behind the Virus Report That Jarred the U.S. and the U.K. to Action,data/raw/images/recovery/87.jpg,1,recovery
A List Of Live Virtual Concerts To Watch During The Coronavirus Shutdown,data/raw/images/recovery/88.jpg,1,recovery
Common Drugs That May Confer Higher Risk For COVID-19,data/raw/images/recovery/nan,0,recovery
What Parents Need to Know About Coronavirus,data/raw/images/recovery/90.jpg,1,recovery
Lime is yanking its electric scooters from California and Washington due to coronavirus,data/raw/images/recovery/91.jpg,1,recovery
Map: Tracking Michigan s coronavirus cases,data/raw/images/recovery/92.jpg,1,recovery
Coronavirus: Theater Wit s remote viewing aims to be the first of its kind,data/raw/images/recovery/93.jpg,1,recovery
Medical weed can now be sold outside pot shops while some stores halt recreational sales as coronavirus fears hit cannabis industry,data/raw/images/recovery/94.jpg,1,recovery
"European Championship, Copa America postponed to [YEAR] because of coronavirus",data/raw/images/recovery/95.jpg,1,recovery
Drug Used In Japan Showing Promise Against COVID-19,data/raw/images/recovery/nan,0,recovery
Coronavirus Forces Bureau To Suspend Census Field Operations Until April 1,data/raw/images/recovery/97.jpg,1,recovery
From Flattening the Curve to Pandemic: A Coronavirus Glossary,data/raw/images/recovery/98.jpg,1,recovery
Your Money: A Hub for Help During the Coronavirus Crisis,data/raw/images/recovery/nan,1,recovery
FDA Seeks To Expand Treatment For Coronavirus As Part Of White House Response,data/raw/images/recovery/100.jpg,1,recovery
Worldwide coronavirus pandemic,data/raw/images/recovery/101.jpg,1,recovery
"MLS targets resuming play on May 10, could hold championship in December",data/raw/images/recovery/102.jpg,1,recovery
Air pollution could make the COVID-19 pandemic worse for some people,data/raw/images/recovery/103.jpg,1,recovery
Kickstarter creators can extend live project deadlines by seven days,data/raw/images/recovery/104.jpg,1,recovery
How a wide swath of workers are seeing their pocketbooks hit hard by the coronavirus: We are all so connected,data/raw/images/recovery/105.jpg,1,recovery
"Pot sales spike at some shops in Chicago, nationally as coronavirus spreads",data/raw/images/recovery/106.jpg,1,recovery
Instagram won t approve new augmented reality effects because of COVID-19 limitations,data/raw/images/recovery/107.jpg,1,recovery
Tesla to shut down California and New York factories amid coronavirus pandemic,data/raw/images/recovery/108.jpg,1,recovery
Russian scientists decipher COVID-19 and take a photo of it,data/raw/images/recovery/109.jpg,0,recovery
Russia reports first COVID-19 death: Woman dies of pneumonia,data/raw/images/recovery/110.jpg,0,recovery
"Tours are canceled, so musicians are turning to Twitch",data/raw/images/recovery/111.jpg,1,recovery
NYC mayor asks Elon Musk to manufacture ventilators for COVID-19 patients,data/raw/images/recovery/112.jpg,1,recovery
Electric scooter-sharing grinds to a halt in response to the COVID-19 pandemic,data/raw/images/recovery/113.jpg,1,recovery
Bandcamp is waiving sales fees today to help artists impacted by coronavirus pandemic,data/raw/images/recovery/114.jpg,1,recovery
Bandsintown adds live stream concert alerts as more musicians head online,data/raw/images/recovery/115.jpg,1,recovery
"Stay-at-home parenting in the time of coronavirus: mashed blueberries, diaper-less baseball",data/raw/images/recovery/116.jpg,1,recovery
Andrew Yang s nonprofit to donate 1 million to families impacted by coronavirus,data/raw/images/recovery/117.jpg,1,recovery
NASA is suspending development of its future deep-space rocket during coronavirus pandemic,data/raw/images/recovery/118.jpg,1,recovery
Sign up for our Coronavirus Update newsletter,data/raw/images/recovery/119.jpg,1,recovery
GM is partnering with Ventec Life Systems to help increase production of ventilators,data/raw/images/recovery/120.jpg,1,recovery
Coronavirus Threatens Rural Hospitals Already At The Financial Brink,data/raw/images/recovery/121.jpg,1,recovery
How you can help during the coronavirus outbreak,data/raw/images/recovery/122.jpg,1,recovery
Fire fans from abroad miss chance to see home opener,data/raw/images/recovery/123.jpg,1,recovery
Wolves chairman Don Levin addresses COVID-19 season suspension,data/raw/images/recovery/124.jpg,1,recovery
A Look At The COVID-19 Crisis From A Pharmacist s Perspective,data/raw/images/recovery/125.jpg,1,recovery
Pregnant And Worried About Coronavirus How To Stay Safe And Make A Game Plan,data/raw/images/recovery/126.jpg,1,recovery
Collaboration To Develop COVID-19 T-cell Therapy,data/raw/images/recovery/nan,0,recovery
COVID-19 Stable For Hours To Days On Surfaces,data/raw/images/recovery/nan,0,recovery
Testing Decisions May Haunt The Nation,data/raw/images/recovery/nan,0,recovery
"Coronavirus: Outbreak in US, Economic Impact of the Disease, Medical Update on Virus",data/raw/images/recovery/nan,0,recovery
Moscow pensioners older than 65 ordered to stay home as part of the struggle against COVID-19,data/raw/images/recovery/131.jpg,0,recovery
How to apply for unemployment benefits if you are out of work during Illinois COVID-19 shutdown,data/raw/images/recovery/132.jpg,1,recovery
Scientists Identify 69 Drugs to Test Against the Coronavirus,data/raw/images/recovery/133.jpg,1,recovery
I wanna dance with somebody (on Instagram),data/raw/images/recovery/134.jpg,1,recovery
Fashion influencers are rethinking their curated aesthetics because they can t leave their houses,data/raw/images/recovery/135.jpg,1,recovery
"FACT CHECK: Trump Says 50,000 Could Die From Flu.",data/raw/images/recovery/136.jpg,1,recovery
3 GOP Senators In Self-Quarantine Will Be Unable To Vote On Coronavirus Relief,data/raw/images/recovery/nan,1,recovery
COVID-19 Diagnostics Still Not Meeting The Demand,data/raw/images/recovery/nan,0,recovery
Schools Out Forever,data/raw/images/recovery/nan,0,recovery
Bandsintown will help musicians get faster access to Twitch monetization,data/raw/images/recovery/140.jpg,1,recovery
You ve Got Mail. Will You Get the Coronavirus,data/raw/images/recovery/141.jpg,1,recovery
"Terrence McNally, Honored American Playwright, Has Died Of Coronavirus",data/raw/images/recovery/142.jpg,1,recovery
Afro-Funk Saxophonist Manu Dibango Dies Of COVID-19,data/raw/images/recovery/143.jpg,1,recovery
"Terrence McNally, Tony Award-winning playwright, dies at 81 from coronavirus complications",data/raw/images/recovery/144.jpg,1,recovery
Ford joins Tesla and GM in helping with ventilator and mask supply,data/raw/images/recovery/145.jpg,1,recovery
Welcome to the Virosphere,data/raw/images/recovery/146.jpg,1,recovery
Shortage of Virus Tests in U.K. Lures Profiteers and Con Artists,data/raw/images/recovery/147.jpg,1,recovery
Instagram will let you browse posts with friends over video chat to promote social distancing,data/raw/images/recovery/148.jpg,1,recovery
Nature can help restore us as we deal with coronavirus,data/raw/images/recovery/149.jpg,1,recovery
"Chef Floyd Cardoz, Who Elevated Indian Cuisine, Has Died Of Coronavirus",data/raw/images/recovery/150.jpg,1,recovery
Champions League match linked to spread of coronavirus in Italy,data/raw/images/recovery/151.jpg,1,recovery
Can You Become Immune to the Coronavirus,data/raw/images/recovery/152.jpg,1,recovery
SpaceX is making its own hand sanitizer and building face shields to donate to fight coronavirus,data/raw/images/recovery/153.jpg,1,recovery
Lesson of the Day: Welcome to the Virosphere,data/raw/images/recovery/154.jpg,1,recovery
New York Hospitals Utilizing Vitamin C,data/raw/images/recovery/nan,0,recovery
Make the post-coronavirus world better,data/raw/images/recovery/156.jpg,1,recovery
It s becoming easier to get a coronavirus test in the DMV. Here are some options.,data/raw/images/recovery/157.jpg,1,recovery
Apple s Final Cut Pro and Logic Pro X have 90-day free trials for a limited time,data/raw/images/recovery/158.jpg,1,recovery
"Actor Mark Blum dies of coronavirus complications; starred in Desperately Seeking Susan, You",data/raw/images/recovery/159.jpg,1,recovery
The COVID-19 pandemic is generating tons of medical waste,data/raw/images/recovery/160.jpg,1,recovery
Here are a bunch of free music apps and sample packs while we re all stuck inside,data/raw/images/recovery/161.jpg,1,recovery
We asked Chicago: How are you adjusting to social distancing,data/raw/images/recovery/162.jpg,1,recovery
Some Tesla factory employees still had to work after the production shutdown,data/raw/images/recovery/163.jpg,1,recovery
Show Me The Relief Money No Promises On When Coronavirus Checks Are Coming,data/raw/images/recovery/164.jpg,1,recovery
How the 21st Century s First Major Influenza Outbreak Compares to the Coronavirus Pandemic,data/raw/images/recovery/nan,0,recovery
The Latest HIPAA Updates in Response to COVID-19,data/raw/images/recovery/nan,0,recovery
Stop the Fear-Mongering 12 Medical Scientists Speak Out on COVID19 Responses,data/raw/images/recovery/167.jpg,0,recovery
A Long-Term Plan to Save the Economy From Coronavirus,data/raw/images/recovery/nan,1,recovery
What happens when extreme heat collides with a pandemic,data/raw/images/recovery/169.jpg,1,recovery
How recreational weed went from illegal to essential in 3 months,data/raw/images/recovery/170.jpg,1,recovery
Bird lays off nearly a third of its staff during coronavirus pandemic,data/raw/images/recovery/171.jpg,1,recovery
The coronavirus pandemic is no excuse to crack down on immigration,data/raw/images/recovery/172.jpg,1,recovery
Live map of Illinois coronavirus cases,data/raw/images/recovery/173.jpg,1,recovery
Tesla s shrinking its workforce at the Nevada Gigafactory because of the coronavirus,data/raw/images/recovery/174.jpg,1,recovery
How much longer will we be inside and then what happens,data/raw/images/recovery/175.jpg,1,recovery
"A Heart Attack No, It Was the Coronavirus",data/raw/images/recovery/176.jpg,1,recovery
"Undocumented immigrants face coronavirus, looming jobs crisis with no real safety net",data/raw/images/recovery/177.jpg,1,recovery
"Instagram therapists, and their DMs, are open for business",data/raw/images/recovery/178.jpg,1,recovery
Deadly Beast From the Jungle: How the Ebola Outbreaks Differ From the COVID-19 Pandemic,data/raw/images/recovery/nan,0,recovery
Legalizing pot deliveries gains momentum during coronavirus crisis,data/raw/images/recovery/180.jpg,1,recovery
How to Fight the Coronavirus Naturally,data/raw/images/recovery/181.jpg,0,recovery
Jaw-Dropping Video Reveals Where Spring Break Covidiots Traveled After Flooding Florida Beaches to Party,data/raw/images/recovery/nan,0,recovery
A Reward Of Liquor For Coronavirus Heroes In China Does Not Bring Cheers,data/raw/images/recovery/183.jpg,1,recovery
Soccer talk isn t cheap for Fire analyst Tony Meola,data/raw/images/recovery/184.jpg,1,recovery
State extends pot business application deadline amid COVID-19 pandemic,data/raw/images/recovery/185.jpg,1,recovery
FDA OKs Addition To Stockpile Of Malaria Drugs For COVID-19,data/raw/images/recovery/186.jpg,1,recovery
COVID-19 in US; Economic Impact of Coronavirus; Spread of Coronavirus; Medical Update on Coronavirus,data/raw/images/recovery/nan,0,recovery
Coronavirus World Map: Tracking The Spread Of The Outbreak,data/raw/images/recovery/188.jpg,1,recovery
Covid-19 coronavirus temperature limits: Climate does not matter,data/raw/images/recovery/189.jpg,0,recovery
"Hay fever or virus For allergy sufferers, a season of worry",data/raw/images/recovery/190.jpg,1,recovery
The Doctor s Symptoms Weren t Typical. Was She Sick Enough to Stay Home,data/raw/images/recovery/191.jpg,1,recovery
Ford Joins Effort to Make Ventilators,data/raw/images/recovery/192.jpg,1,recovery
Share your coronavirus story,data/raw/images/recovery/nan,1,recovery
MLS hopes to play a full 34-game schedule,data/raw/images/recovery/194.jpg,1,recovery
Americans Will Have To Cure The Coronavirus Epidemic on Their Own,data/raw/images/recovery/nan,0,recovery
"Campus is closed, so college students are rebuilding their schools in Minecraft",data/raw/images/recovery/196.jpg,1,recovery
"Lawmakers urge ICE, CBP to release thousands of immigrants amid coronavirus pandemic",data/raw/images/recovery/197.jpg,1,recovery
Democrats put corruption reform on ice: More time will be necessary to complete our work,data/raw/images/recovery/198.jpg,1,recovery
"Jonathan Toews optimistic Blackhawks hockey will return, even while NHL waits in limbo",data/raw/images/recovery/199.jpg,1,recovery
Chicago s dance companies feeling the economic impact of coronavirus on the arts,data/raw/images/recovery/200.jpg,1,recovery
"Tesla created a public health risk by keeping car factory open, local official said",data/raw/images/recovery/201.jpg,1,recovery
Foods High In Zinc,data/raw/images/recovery/nan,0,recovery
Panasonic worker at Tesla s NY factory tested positive for COVID-19,data/raw/images/recovery/203.jpg,1,recovery
SPEAK WITH YOUR DOCTOR ABOUT YOUR DRUGS THAT MAY INCREASE RISK OF SARS-CoV-2 (COVID-19) INFECTION,data/raw/images/recovery/nan,0,recovery
May editorial cartoon gallery,data/raw/images/recovery/205.jpg,1,recovery
The new version of the Chevy Bolt is delayed due to coronavirus,data/raw/images/recovery/206.jpg,1,recovery
"Tales Of Two Cities: Coronavirus Outcomes Differ Between Bay Area, New York City",data/raw/images/recovery/207.jpg,1,recovery
Latest global coronavirus cases and deaths,data/raw/images/recovery/208.jpg,1,recovery
Live map of U.S. coronavirus cases by county,data/raw/images/recovery/209.jpg,1,recovery
Mayor Lightfoot and Gov. Pritzker announce Arts for Illinois relief initiative,data/raw/images/recovery/210.jpg,1,recovery
"If You Have Coronavirus Symptoms, Assume You Have the Illness, Even if You Test Negative",data/raw/images/recovery/211.jpg,1,recovery
Chicago athletes spend quarantine like us: Posting on social media,data/raw/images/recovery/212.jpg,1,recovery
"Ellis Marsalis, Patriarch Of New Orleans Most Famous Musical Family, Has Died",data/raw/images/recovery/213.jpg,1,recovery
Plastic bags are making a comeback because of COVID-19,data/raw/images/recovery/214.jpg,1,recovery
Andrew Lloyd Webber to stream Donny Osmond s Joseph and other musicals online,data/raw/images/recovery/215.jpg,1,recovery
Jeff Bezos space company is pressuring employees to launch a tourist rocket during the pandemic,data/raw/images/recovery/216.jpg,1,recovery
SoundCloud now lets artists add a direct donation button to their page,data/raw/images/recovery/217.jpg,1,recovery
How McCormick Place is being transformed into a massive field hospital for COVID-19 patients,data/raw/images/recovery/218.jpg,1,recovery
Tesla kept global sales and production up despite coronavirus-related shutdowns,data/raw/images/recovery/219.jpg,1,recovery
Lightfoot marks one-year anniversary of landslide victory,data/raw/images/recovery/220.jpg,1,recovery
Second City plans livestream improv show starring housebound duos,data/raw/images/recovery/221.jpg,1,recovery
The first Harry Potter audiobook voiced by Stephen Fry is now free to stream,data/raw/images/recovery/222.jpg,1,recovery
Lyric Opera postpones remainder of [YEAR] -season; productions rescheduled,data/raw/images/recovery/223.jpg,1,recovery
Release undocumented immigrants who pose no danger before deadly coronavirus sweeps through detention centers,data/raw/images/recovery/224.jpg,1,recovery
Broadway legend Brian Stokes Mitchell tests positive for coronavirus,data/raw/images/recovery/225.jpg,1,recovery
HCQ Effective For COVID-19 In Small Trial,data/raw/images/recovery/nan,0,recovery
Updated Practice Management Guidelines for Healthcare Facilities,data/raw/images/recovery/nan,0,recovery
FDA Approves First COVID-19 Antibody Test,data/raw/images/recovery/nan,0,recovery
Lyft is offering free e-scooter trips to health care workers fighting COVID-19,data/raw/images/recovery/229.jpg,1,recovery
Marvel is making some of its comics free while we re all stuck inside,data/raw/images/recovery/230.jpg,1,recovery
"Former fat guy s hard-won wisdom on staying healthy, fit despite coronavirus limits",data/raw/images/recovery/231.jpg,1,recovery
Many Who Need Testing For COVID-19 Fail To Get Access,data/raw/images/recovery/232.jpg,1,recovery
Are cancer patients at higher risk of COVID-19 What can we do,data/raw/images/recovery/233.jpg,0,recovery
Premier League suspends season indefinitely,data/raw/images/recovery/234.jpg,1,recovery
"WATCH: Your questions about COVID-19, answered by a doctor",data/raw/images/recovery/235.jpg,1,recovery
"Maryland s Governor, a Republican, Is Willing to Spar With Trump for Supplies",data/raw/images/recovery/236.jpg,1,recovery
"What we must do to beat COVID-19 now and forever, with a big boost from technology",data/raw/images/recovery/237.jpg,1,recovery
24 Hours in a Pandemic Nation,data/raw/images/recovery/nan,1,recovery
Canceled NHL season would make Blackhawks deadline trades look smarter in hindsight,data/raw/images/recovery/239.jpg,1,recovery
Another Thing to Fear Out There: Coronavirus Scammers,data/raw/images/recovery/240.jpg,1,recovery
DIY Face Masks,data/raw/images/recovery/nan,0,recovery
"3 U.S. Hospitals Use IVs of Vitamin C Other Low-Cost, Readily Available Drugs",data/raw/images/recovery/nan,0,recovery
Coronavirus Update; US Election; UK Labour Party Leadership Re-Election,data/raw/images/recovery/nan,0,recovery
Pearls of Venom,data/raw/images/recovery/nan,0,recovery
On Average Only 6% Of COVID-19 Infections Detected Worldwide,data/raw/images/recovery/nan,0,recovery
Could Society Move Toward Normalcy Before A Coronavirus Vaccine Is Ready,data/raw/images/recovery/246.jpg,1,recovery
Three employees at Blue Origin test positive for COVID-19 after workers voice concern over test launch,data/raw/images/recovery/247.jpg,1,recovery
This Quebec Health Official Has Become A Sensation With His Coronavirus Tips,data/raw/images/recovery/248.jpg,1,recovery
New York City Has Contingency Plan For Temporary Burials Of COVID-19 Dead,data/raw/images/recovery/249.jpg,1,recovery
Tigers (and other cats) can catch the coronavirus,data/raw/images/recovery/250.jpg,1,recovery
"Those we have lost to the coronavirus in Virginia, Maryland and D.C.",data/raw/images/recovery/251.jpg,1,recovery
Tesla previews ventilator powered by Model 3 tech,data/raw/images/recovery/252.jpg,1,recovery
"Chicago sports teams, Mayor Lori Lightfoot say We Are Not Playing to support coronavirus stay-at-home orders",data/raw/images/recovery/253.jpg,1,recovery
Brexit trade deal gets tougher as coronavirus strikes officials on both sides,data/raw/images/recovery/254.jpg,1,recovery
"Questions About Hydroxychloroquine, Touted As A COVID-19 Treatment",data/raw/images/recovery/255.jpg,1,recovery
"Lightfoot order makes COVID-19 relief available to all, regardless of immigration status",data/raw/images/recovery/256.jpg,1,recovery
USA TODAY NETWORK Launches Just the FAQs LIVE: Conversations about Coronavirus,data/raw/images/recovery/257.jpg,1,recovery
Andrea Bocelli To Perform In An Empty Duomo Cathedral On Easter Sunday,data/raw/images/recovery/258.jpg,1,recovery
Russia won t tolerate USA s move to appropriate the Moon and other celestial bodies,data/raw/images/recovery/259.jpg,0,recovery
"Coronavirus Anxiety: How to Cope with Stress, Panic Self-Isolation",data/raw/images/recovery/nan,0,recovery
"Let s play ball, however strange it is",data/raw/images/recovery/261.jpg,1,recovery
Tesla is cutting salaries and furloughing workers to manage costs during pandemic,data/raw/images/recovery/262.jpg,1,recovery
Chicago s storefront theaters hoping curtains will rise again once coronavirus shutdown lifts,data/raw/images/recovery/263.jpg,1,recovery
31% Can t Pay the Rent: It s Only Going to Get Worse,data/raw/images/recovery/264.jpg,1,recovery
Broadway To Remain Closed Until June Because Of Coronavirus,data/raw/images/recovery/265.jpg,1,recovery
Wall Street Rallies as Investors Focus on the Recovery,data/raw/images/recovery/266.jpg,1,recovery
Three astronauts are launching to space Thursday after lengthy quarantine,data/raw/images/recovery/267.jpg,1,recovery
Lockdowns mean millions of women can t reach birth control,data/raw/images/recovery/268.jpg,1,recovery
Wiped out of toilet paper Here s why,data/raw/images/recovery/269.jpg,1,recovery
"At A New York Prison, Social Distancing Is Impossible, Inmate Says",data/raw/images/recovery/270.jpg,1,recovery
"When the spotlight returns to Biden, here s hoping he calls on our better angels",data/raw/images/recovery/271.jpg,1,recovery
Coronavirus: We re in this together,data/raw/images/recovery/272.jpg,1,recovery
Jobless Claims Surpass 16 Million; Aid Package Stalls in Senate,data/raw/images/recovery/273.jpg,1,recovery
Inmates In Washington State Protest After Fellow Prisoners Test Positive For COVID-19,data/raw/images/recovery/274.jpg,1,recovery
"Most New York Coronavirus Cases Came From Europe, Genomes Show",data/raw/images/recovery/275.jpg,1,recovery
What Students Are Saying About Remote Learning,data/raw/images/recovery/276.jpg,1,recovery
"IRS Budget Cuts, Staffing Challenges Create Coronavirus Payment Headaches",data/raw/images/recovery/277.jpg,1,recovery
How San Francisco s D.A. Is Decreasing The Jail Population Amid COVID-19,data/raw/images/recovery/278.jpg,1,recovery
"LA, OC light up blue in tribute to workers on frontline of coronavirus fight",data/raw/images/recovery/279.jpg,1,recovery
"Coronavirus in Chicago: United Center packed with 774,840 pounds of food",data/raw/images/recovery/280.jpg,1,recovery
Korean CDC Says COVID-19 May Be Reactivating In The Recovered,data/raw/images/recovery/nan,0,recovery
"With Crowds Gone, Yosemite is Teeming With Wild Animals Enjoying the Park for Themselves",data/raw/images/recovery/282.jpg,0,recovery
Covid-19 changes life in Russia unrecognizably,data/raw/images/recovery/283.jpg,0,recovery
Warehouse workers are forcing Amazon to take COVID-19 seriously,data/raw/images/recovery/284.jpg,1,recovery
"Trump To Announce Advisory Council On Reopening The Country, Shuttered By Coronavirus",data/raw/images/recovery/285.jpg,1,recovery
"Staying Apart, Together: A newsletter about how to cope with the coronavirus pandemic",data/raw/images/recovery/286.jpg,1,recovery
COVID-19 tests: What it feels like to have one,data/raw/images/recovery/287.jpg,1,recovery
Leica and Olympus are offering free virtual courses and talks for photographers,data/raw/images/recovery/288.jpg,1,recovery
How Colleges Are Grading Students During Coronavirus,data/raw/images/recovery/289.jpg,1,recovery
"Lawmakers: Coronavirus guidelines aren t being translated into Spanish, other languages",data/raw/images/recovery/290.jpg,1,recovery
4 test positive for coronavirus at downstate ICE detention center,data/raw/images/recovery/291.jpg,1,recovery
Stop the spread of COVID-19 There s an app for that,data/raw/images/recovery/292.jpg,1,recovery
"Remote learning has pitfalls, but we can still help students be successful in this challenging time",data/raw/images/recovery/293.jpg,1,recovery
Megna family experiences childbirth during COVID-19,data/raw/images/recovery/294.jpg,1,recovery
Michigan Holistic Physician Group Report: 85 COVID Patients Treated ZERO Hospitalizations and NO Deaths,data/raw/images/recovery/295.jpg,0,recovery
Special Report: Coronavirus The Week s Best from NPR News,data/raw/images/recovery/296.jpg,1,recovery
Fire COO: Front-office morale still strong,data/raw/images/recovery/297.jpg,1,recovery
"India to Extend Lockdown Against Coronavirus, While Spain Eases Work Rules",data/raw/images/recovery/298.jpg,1,recovery
There Will Be Losses : How a Captain s Plea Exposed a Rift in the Military,data/raw/images/recovery/299.jpg,1,recovery
Covid-19: Moscow turns into Wuhan,data/raw/images/recovery/300.jpg,0,recovery
Racism and coronavirus double the damage inflicted upon African Americans,data/raw/images/recovery/301.jpg,1,recovery
"NHL s quarantine video calls provide rare, refreshing glimpses into stars personalities",data/raw/images/recovery/302.jpg,1,recovery
MAP: Illinois coronavirus cases by zip code (live updates),data/raw/images/recovery/303.jpg,1,recovery
Gov. Pritzker fails to plan for Illinois recovery after pandemic and residents panic,data/raw/images/recovery/304.jpg,1,recovery
"Virus fuels pot industry s push for online sales, delivery",data/raw/images/recovery/305.jpg,1,recovery
Coronavirus in US UK: Update; US Election; Economic Predictions After the Pandemic,data/raw/images/recovery/nan,0,recovery
"In the aftermath of COVID-19, expanding Medicare, Medicaid could save lives",data/raw/images/recovery/307.jpg,1,recovery
How Long Does It Take To Recover From COVID-19,data/raw/images/recovery/308.jpg,1,recovery
South Side man died of COVID-19 two weeks after serving as election judge: Life is too short,data/raw/images/recovery/309.jpg,1,recovery
Meet The Team Behind The Coronavirus Tracker Watched By Millions,data/raw/images/recovery/310.jpg,1,recovery
"Clashing over coronavirus is new source of household tension, fighting",data/raw/images/recovery/311.jpg,1,recovery
At least 19 immigrant children at Chicago detainee shelter tested positive for COVID-19,data/raw/images/recovery/312.jpg,1,recovery
Lobbyists Descend On Washington Seeking Coronavirus Relief Money,data/raw/images/recovery/313.jpg,1,recovery
Popular New York sports photographer dies from COVID-19,data/raw/images/recovery/314.jpg,1,recovery
100 little things that bring us joy during the coronavirus pandemic,data/raw/images/recovery/315.jpg,1,recovery
Lightfoot to Hilco on Little Village demolition: They own this,data/raw/images/recovery/316.jpg,1,recovery
Human Life Is Literally Quieter Due To Coronavirus Lockdown,data/raw/images/recovery/317.jpg,1,recovery
4/20 plans nixed as celebrations of legal weed move online amid coronavirus outbreak,data/raw/images/recovery/318.jpg,1,recovery
Nearly 40 immigrant children test positive at Chicago shelters,data/raw/images/recovery/319.jpg,1,recovery
Greg Maddux celebrates 54th birthday by raising funds for COVID-19 relief,data/raw/images/recovery/320.jpg,1,recovery
Lightfoot s decision to strip aldermen of control over permits at center of Little Village demolition controversy,data/raw/images/recovery/321.jpg,1,recovery
Do Democratic leaders consider meeting to name Tobolski successor essential business,data/raw/images/recovery/322.jpg,1,recovery
"Photos: You can still see the stars, but no people on Hollywood Boulevard during coronavirus pandemic",data/raw/images/recovery/323.jpg,1,recovery
Putin considers using Armed Forces to combat Covid-19,data/raw/images/recovery/324.jpg,0,recovery
Blackhawks cancel [YEAR] fan convention because of coronavirus,data/raw/images/recovery/325.jpg,1,recovery
Fact-check: Testing Lightfoot s COVID-19 claim yields mixed results,data/raw/images/recovery/326.jpg,1,recovery
Retail Spending Just Fell Off A Cliff,data/raw/images/recovery/327.jpg,1,recovery
"Secret recipes for McDonald s McMuffin, Disney s beignets, more to make in quarantine",data/raw/images/recovery/328.jpg,1,recovery
Chicago health care workers cheer patients released after beating COVID-19,data/raw/images/recovery/329.jpg,1,recovery
Mahindra shifts manufacturing to protective gear for COVID-19,data/raw/images/recovery/330.jpg,1,recovery
New York Orders Residents to Wear Masks in Public,data/raw/images/recovery/331.jpg,1,recovery
How The Coronavirus Has Affected Individual Members Of Congress,data/raw/images/recovery/332.jpg,1,recovery
Coronavirus infects all but one Russian regions,data/raw/images/recovery/333.jpg,0,recovery
"Olli Maatta, Zack Smith are Blackhawks top buyout candidates if coronavirus crunches salary cap",data/raw/images/recovery/334.jpg,1,recovery
DC extends stay-at-home order through May 15,data/raw/images/recovery/nan,0,recovery
GoPro cuts 20 percent of workforce after being hit hard by pandemic,data/raw/images/recovery/336.jpg,1,recovery
Women s sports likely to bear brunt of coronavirus fallout,data/raw/images/recovery/337.jpg,1,recovery
Coronavirus crisis threatens to derail post-Brexit trade talks,data/raw/images/recovery/338.jpg,1,recovery
How to Handwash Your Clothes,data/raw/images/recovery/339.jpg,1,recovery
"Cats, dogs, Quillie the hedgehog newly adopted pets are sources of comfort in crisis",data/raw/images/recovery/340.jpg,1,recovery
"When will it be safe for fans to return to Wrigley Field, United Center",data/raw/images/recovery/341.jpg,1,recovery
The search for COVID-19 treatments shows how messy science can be,data/raw/images/recovery/342.jpg,1,recovery
"Disposable N95 Masks Can Be Decontaminated, Researchers Confirm",data/raw/images/recovery/343.jpg,1,recovery
"What Students Are Saying About Acts of Kindness, Internet Habits and Where They d Like to Be Stranded",data/raw/images/recovery/344.jpg,1,recovery
31 Deaths: Toll at Quebec Nursing Home in Pandemic Reflects Global Phenomenon,data/raw/images/recovery/345.jpg,1,recovery
Letting the pandemic change us for the better,data/raw/images/recovery/346.jpg,1,recovery
"In Vietnam, There Have Been Fewer Than 300 COVID-19 Cases And No Deaths. Here s Why",data/raw/images/recovery/347.jpg,1,recovery
Should We Sue China Over COVID,data/raw/images/recovery/nan,0,recovery
Let s come out of pandemic stronger and more secure,data/raw/images/recovery/349.jpg,1,recovery
"Durbin: Democrats should hold virtual convention, not gather in Milwaukee",data/raw/images/recovery/350.jpg,1,recovery
Google is now listing COVID-19 testing centers in search results,data/raw/images/recovery/351.jpg,1,recovery
Isolation Diary: Photographers Document Their Experience With COVID-19,data/raw/images/recovery/352.jpg,1,recovery
Families line up for hot vegetarian meals in Pacoima during coronavirus crisis,data/raw/images/recovery/353.jpg,1,recovery
Is Wyoming s Food Freedom Act with Farm to Consumer Direct Sales a Model for Food Security for the Rest of the U.S.,data/raw/images/recovery/354.jpg,0,recovery
FDA Authorizes 2nd Blood Filtering Device For COVID-19,data/raw/images/recovery/nan,0,recovery
W.H.O. Failed to Tell Syrian Kurds of Their First Coronavirus Death: Live Coverage,data/raw/images/recovery/356.jpg,1,recovery
Stocks Rally After Talk of Reopening Economy,data/raw/images/recovery/357.jpg,1,recovery
Taking Social Security in the Pandemic: What to Know,data/raw/images/recovery/358.jpg,1,recovery
Trump Foments Protests Against Governors; Experts Warn of Testing Shortages,data/raw/images/recovery/nan,1,recovery
Why We Don t Know the True Death Rate for Covid-19,data/raw/images/recovery/360.jpg,1,recovery
"The Coronavirus and Climate Change, the Great Crises of Our Time",data/raw/images/recovery/361.jpg,1,recovery
Illinois voter turnout not among the casualties of COVID-19,data/raw/images/recovery/362.jpg,1,recovery
Baseball without fans sounds doable. Baseball without COVID-19 sounds hard to believe.,data/raw/images/recovery/363.jpg,1,recovery
"Who s Hit Hardest By COVID-19 Why Obesity, Stress And Race All Matter",data/raw/images/recovery/364.jpg,1,recovery
Instagram s cofounders built a website to track state-by-state spread of COVID-19,data/raw/images/recovery/365.jpg,1,recovery
"A year after an injury that led to a defining run, Lucas Giolito is frustrated but still working",data/raw/images/recovery/366.jpg,1,recovery
The Pandemic Is a Crisis for Students With Special Needs,data/raw/images/recovery/367.jpg,1,recovery
Fire left back Jonathan Bornstein staying positive during paused season,data/raw/images/recovery/368.jpg,1,recovery
Something Is Going to Explode : When Coronavirus Strikes a Prison,data/raw/images/recovery/369.jpg,1,recovery
CNN: Sea Turtles are Thriving as Coronavirus Lockdown Empties Florida Beaches,data/raw/images/recovery/370.jpg,0,recovery
Kickstarter plans layoffs after new projects on the site drop off by 35 percent,data/raw/images/recovery/371.jpg,1,recovery
"Wiz Khalifa, Billy Ray Cyrus to headline 4/20 virtual cannabis celebration",data/raw/images/recovery/372.jpg,1,recovery
Broadway star Nick Cordero undergoes leg amputation due to coronavirus complications,data/raw/images/recovery/373.jpg,1,recovery
Coronavirus Crisis Spurs Access To Online Treatment For Opioid Addiction,data/raw/images/recovery/374.jpg,1,recovery
Nine ways to improve health for African Americans in Chicago after COVID-19,data/raw/images/recovery/375.jpg,1,recovery
Another 59 people die of COVID-19 in Illinois; hospitalizations remain flat during outbreak,data/raw/images/recovery/376.jpg,1,recovery
Coronavirus Death Toll Soars in Turkey; W.H.O. Warns of Vaccine Roadblock,data/raw/images/recovery/377.jpg,1,recovery
Efforts outlined to bridge Chicago s racial divide in coronavirus-related deaths,data/raw/images/recovery/378.jpg,1,recovery
"For Cook County Jail, a hot spot of COVID-19, our choices are fast action or mass death",data/raw/images/recovery/379.jpg,1,recovery
4/20 fizzle: Pot industry tested as virus slams economy,data/raw/images/recovery/380.jpg,1,recovery
New York Needed Ventilators. So They Developed One in a Month.,data/raw/images/recovery/381.jpg,1,recovery
How to Cope With Lockdown; Coronavirus Medical Update; US Election,data/raw/images/recovery/nan,0,recovery
Homeschooling Benefits Strike Positive Note During Coronavirus Shutdown,data/raw/images/recovery/nan,0,recovery
Sewer systems are a window into the coronavirus pandemic,data/raw/images/recovery/384.jpg,1,recovery
"As my grandma lay dying, I could not hug her or hold her hand. But I will honor her memory with my vote on Nov. 3",data/raw/images/recovery/385.jpg,1,recovery
Microsoft launches Plasma Bot to recruit recovered COVID-19 patients to help treat sick ones,data/raw/images/recovery/386.jpg,1,recovery
Health departments are concerned about spikes in STIs while attention is on COVID-19,data/raw/images/recovery/387.jpg,1,recovery
NIH Panel Recommends Against Drug Combination Promoted By Trump For COVID-19,data/raw/images/recovery/388.jpg,1,recovery
How Scientists Could Stop the Next Pandemic Before It Starts,data/raw/images/recovery/389.jpg,1,recovery
First at-home COVID-19 testing kit authorized by the FDA,data/raw/images/recovery/390.jpg,1,recovery
Go read this story about an FDA-approved ventilator developed in just a month,data/raw/images/recovery/391.jpg,1,recovery
"Stopping to smell the roses, lettuces, arugula on Earth, Arbor days",data/raw/images/recovery/392.jpg,1,recovery
Victory gardens connecting Americans once again during difficult times,data/raw/images/recovery/393.jpg,1,recovery
"Illinois still short of COVID-19 testing goal of 10,000 people a day and even that might be less than what s needed",data/raw/images/recovery/394.jpg,1,recovery
Retired army doctors answer the call in the fight against coronavirus,data/raw/images/recovery/395.jpg,1,recovery
Virtual fitness classes allow those in quarantine to maintain normalcy while at home,data/raw/images/recovery/396.jpg,1,recovery
COVID-19 Reading: A Sand County Almanac,data/raw/images/recovery/nan,0,recovery
The Roger Stone Network is Active on COVID-19 Messaging,data/raw/images/recovery/nan,1,recovery
Air quality is way better in nine major cities after coronavirus confinement,data/raw/images/recovery/399.jpg,1,recovery
Do Black and Hispanic Lives Really Matter to Progressives,data/raw/images/recovery/nan,0,recovery
Does 5G Make Us More Susceptible to Coronavirus Infection,data/raw/images/recovery/401.jpg,0,recovery
Sweden s Approach To Dealing With COVID-19,data/raw/images/recovery/nan,0,recovery
New Scooby-Doo film becomes latest major release to skip theatres,data/raw/images/recovery/403.jpg,1,recovery
How One High-Risk Community In Rural South Carolina Is Bracing For COVID-19,data/raw/images/recovery/404.jpg,1,recovery
Federal Scientist Says He Was Removed For Resisting Unproven Coronavirus Treatments,data/raw/images/recovery/405.jpg,1,recovery
Tyson Foods idles its largest pork processing plant as coronavirus slams industry,data/raw/images/recovery/406.jpg,1,recovery
Two Cats Are First U.S. Pets to Test Positive for Coronavirus,data/raw/images/recovery/407.jpg,1,recovery
"Day 19,432 of the lockdown: Kidding, it only feels that way",data/raw/images/recovery/408.jpg,1,recovery
"McDonald s McMuffin, Ikea meatballs, Disney Dole Whip and more famous recipes to make at home",data/raw/images/recovery/409.jpg,1,recovery
"There s a running boom in Chicago, pandemic leads more people to lace up",data/raw/images/recovery/410.jpg,1,recovery
Publications - RETURN TO NORMAL: Getting Our States Back to Work Quickly and Safely,data/raw/images/recovery/nan,0,recovery
Lightfoot outlines plan for post-pandemic recovery,data/raw/images/recovery/412.jpg,1,recovery
"Tiger Woods, Phil Mickelson team with Tom Brady and Peyton Manning for golf event",data/raw/images/recovery/413.jpg,1,recovery
CEO Says COVID-19 Antibody Testing Is A Disaster,data/raw/images/recovery/nan,0,recovery
"Trump Signs Latest Coronavirus Economic Relief Package, Aimed At Small Businesses",data/raw/images/recovery/415.jpg,1,recovery
"Chicago s crush hour may take a new turn, but COVID-19 is not CTA or Metra s death knell",data/raw/images/recovery/416.jpg,1,recovery
Why the coronavirus is forcing farmers to dump milk and let crops rot,data/raw/images/recovery/417.jpg,1,recovery
Watching out for Illinois most vulnerable kids becomes all the harder during a pandemic,data/raw/images/recovery/418.jpg,1,recovery
More Than 4 Million Filed Unemployment Claims Last Week,data/raw/images/recovery/419.jpg,1,recovery
Amazon extends hourly wage increase for warehouse workers through May 16th,data/raw/images/recovery/420.jpg,1,recovery
Coronavirus mask guide: What you need to know about the masks we all need to wear,data/raw/images/recovery/421.jpg,1,recovery
Chosen Few Picnic House Music Festival postponed; virtual event scheduled,data/raw/images/recovery/422.jpg,1,recovery
Coronavirus victims: Remembering the Americans who have died,data/raw/images/recovery/423.jpg,1,recovery
Need a laugh amid coronavirus blues We enlisted these Chicago comics to give you one.,data/raw/images/recovery/424.jpg,1,recovery
Go read this story on how COVID-19 took over cruise ships,data/raw/images/recovery/425.jpg,1,recovery
Amazon to impose new unpaid leave restrictions for warehouse workers starting May 1st,data/raw/images/recovery/426.jpg,1,recovery
CDC Adds 6 Symptoms To COVID-19,data/raw/images/recovery/nan,0,recovery
"As Food Supply Chains Fail, Small Businesses Step Up to Fill in the Gaps Time to Restructure the Nation s Food Security",data/raw/images/recovery/428.jpg,0,recovery
Chicago outdoors and coronavirus: Forest Preserves of Cook County restricts more parking on weekends,data/raw/images/recovery/429.jpg,1,recovery
"Along with health and safety experts, we would like to remind you that Lysol is poison",data/raw/images/recovery/430.jpg,1,recovery
Coronavirus Antibody Tests: Can You Trust the Results,data/raw/images/recovery/431.jpg,1,recovery
Lysol issues warning against injecting disinfectants after Trump raises the idea,data/raw/images/recovery/432.jpg,1,recovery
"Coronavirus deaths more than double at Illinois nursing homes, data shows",data/raw/images/recovery/433.jpg,1,recovery
Massive asteroid flying past Earth next week looks like it s wearing a face mask,data/raw/images/recovery/434.jpg,1,recovery
Social Distancing May Worsen Epidemic Outcomes,data/raw/images/recovery/nan,0,recovery
Bill Gates and Ellen Degeneres Discuss Vaccinating 7 Billion Healthy People in Order to Return to Normal,data/raw/images/recovery/nan,0,recovery
Amazon restricted from selling non-essential items in France after it loses court appeal,data/raw/images/recovery/437.jpg,1,recovery
First-year commissioner Lisa Baird hopeful for NWSL s future despite COVID-19 setback,data/raw/images/recovery/438.jpg,1,recovery
"Wolves Brandon Pirri keeping perspective, lending voice during COVID-19 season stoppage",data/raw/images/recovery/439.jpg,1,recovery
Dyson says UK doesn t need the ventilator it developed for COVID-19 patients,data/raw/images/recovery/440.jpg,1,recovery
Chicago outdoors and coronavirus: Trout season/turkey hunting/cooling lakes/why/FPD of Will County,data/raw/images/recovery/441.jpg,1,recovery
South Side LGBTQ pride festival moves online amid COVID-19 concerns,data/raw/images/recovery/442.jpg,1,recovery
Fighting an unseen enemy: How the military is protecting itself from the coronavirus pandemic,data/raw/images/recovery/443.jpg,1,recovery
Live Nation automatically issuing refunds for shows canceled due to COVID-19,data/raw/images/recovery/444.jpg,1,recovery
Tesla reportedly plans to recall some workers to its California plant this week,data/raw/images/recovery/445.jpg,1,recovery
"Despite coronavirus limits, it was best birthday party ever for 105-year-old D-Day vet Sam Sachs",data/raw/images/recovery/446.jpg,1,recovery
Coronavirus pandemic to change the world unrecognizably,data/raw/images/recovery/447.jpg,0,recovery
The computer algorithm that was among the first to detect the coronavirus outbreak,data/raw/images/recovery/448.jpg,1,recovery
"Oprah Winfrey, Julia Roberts to appear in global coronavirus relief livestream",data/raw/images/recovery/449.jpg,1,recovery
"INSIDER TODAY: Yes, we should waste billions and risk lives to get a vaccine",data/raw/images/recovery/450.jpg,1,recovery
"Lightfoot can see baseball returning to Chicago this summer, but without fans",data/raw/images/recovery/451.jpg,1,recovery
"Chicago blues: Artists, clubs had it bad even before fest was canceled",data/raw/images/recovery/452.jpg,1,recovery
Pollution rollbacks show a callous disregard for communities hard hit by coronavirus,data/raw/images/recovery/453.jpg,1,recovery
"Troy Sneed, Grammy-nominated gospel singer, dies at 52 from coronavirus complications",data/raw/images/recovery/454.jpg,1,recovery
Coronavirus in US UK; US Election; George Galloway s Book Club,data/raw/images/recovery/nan,0,recovery
New Zealand Says It Has Won Battle Against COVID-19,data/raw/images/recovery/456.jpg,1,recovery
Germany Backs Away From Compiling Coronavirus Contacts In A Central Database,data/raw/images/recovery/457.jpg,1,recovery
How Ford and GM joined the fight against the coronavirus,data/raw/images/recovery/458.jpg,1,recovery
Chicago creates app to pre-register for coronavirus vaccine,data/raw/images/recovery/459.jpg,1,recovery
"COVID-19 has made Chicago s affordable housing crisis worse, and the feds must step in",data/raw/images/recovery/460.jpg,1,recovery
Police cite owner of Chicago townhome that was site of packed weekend party streamed live on Facebook,data/raw/images/recovery/461.jpg,1,recovery
Can We Track COVID-19 and Protect Privacy at the Same Time,data/raw/images/recovery/462.jpg,1,recovery
"How to clean, reuse or hack a coronavirus mask",data/raw/images/recovery/463.jpg,1,recovery
Is it safe to order take-out during the pandemic,data/raw/images/recovery/464.jpg,1,recovery
Chicago s Fat Rice closes; reopening as meal kits-only Super Fat Rice Mart,data/raw/images/recovery/465.jpg,1,recovery
Trump s Twitter meltdowns are the lesser of two evils,data/raw/images/recovery/466.jpg,1,recovery
"NBC Sports Chicago to host star-studded COVID-19 fundraiser, pay tribute to front-line workers",data/raw/images/recovery/467.jpg,1,recovery
Hospital Ship USNS Comfort Scheduled To Sail From New York City,data/raw/images/recovery/468.jpg,1,recovery
Reopening our economy will take more than a one-size-fits-all plan,data/raw/images/recovery/469.jpg,1,recovery
TikTok s latest stickers let you donate to charity,data/raw/images/recovery/470.jpg,1,recovery
Apple Maps now shows COVID-19 testing sites,data/raw/images/recovery/471.jpg,1,recovery
Trump to sign order keeping meat processing plants open,data/raw/images/recovery/472.jpg,1,recovery
"Post-pandemic recovery depends on a whole new class of jobs to help people feel safe in public again, Lightfoot says",data/raw/images/recovery/473.jpg,1,recovery
"U. of C. gets 500K to bolster South Side coronavirus testing, while Humboldt Park opens site",data/raw/images/recovery/474.jpg,1,recovery
Is the GOP right Should states just declare bankruptcy,data/raw/images/recovery/475.jpg,1,recovery
More than 1 million people in the US have tested positive for COVID-19,data/raw/images/recovery/476.jpg,1,recovery
Ford and Lincoln cancel Rivian-powered electric vehicle due to the pandemic,data/raw/images/recovery/477.jpg,1,recovery
Tesla pauses plan to bring back workers as Bay Area extends stay-at-home order,data/raw/images/recovery/478.jpg,1,recovery
Do Diets That Mimic Fasting Improve The Immune System,data/raw/images/recovery/nan,0,recovery
Putin extends non-working days as Russia is ranked 8th in Covid-19 cases,data/raw/images/recovery/480.jpg,0,recovery
Bill Gates and the Depopulation Agenda Robert F. Kennedy Jr. Calls for an Investigation,data/raw/images/recovery/nan,0,recovery
Emerging Theories That May Help Us Solve the COVID-19 Puzzle,data/raw/images/recovery/nan,0,recovery
The Latest Medical Findings Suggest Blood Clotting In COVID-19,data/raw/images/recovery/nan,0,recovery
Baseball Hall of Fame cancels July inductions because of coronavirus,data/raw/images/recovery/484.jpg,1,recovery
Top football recruits bring in big money for colleges and COVID-19 threatens it all,data/raw/images/recovery/485.jpg,1,recovery
No one knows when the COVID-19 pandemic will end,data/raw/images/recovery/486.jpg,1,recovery
"The 20 best movie series to binge during quarantine (including Star Wars, of course)",data/raw/images/recovery/487.jpg,1,recovery
Elon Musk says shelter-in-place orders during COVID-19 are fascist,data/raw/images/recovery/488.jpg,1,recovery
Chicago man who s been granted asylum sues ICE for release from detention center,data/raw/images/recovery/489.jpg,1,recovery
How YouTube s moderators are keeping up with changing guidance around COVID-19,data/raw/images/recovery/490.jpg,1,recovery
Over 70 percent of tested inmates in federal prisons have COVID-19,data/raw/images/recovery/491.jpg,1,recovery
Hummer EV launch event delayed due to the COVID-19 pandemic,data/raw/images/recovery/492.jpg,1,recovery
"Facebook usage is surging, but the company warns it may be temporary",data/raw/images/recovery/493.jpg,1,recovery
How a team of NASA engineers developed a ventilator for COVID-19 patients in just a month,data/raw/images/recovery/494.jpg,1,recovery
"Rolling out contact tracing in Illinois a daunting task, but essential, expert says",data/raw/images/recovery/495.jpg,1,recovery
Uptown hospital successfully treats coronavirus patient with blood plasma from someone who recovered from the sickness,data/raw/images/recovery/496.jpg,1,recovery
13 ways the coronavirus pandemic could forever change the way we work,data/raw/images/recovery/497.jpg,1,recovery
"Why antibody tests, a crucial step toward overcoming COVID-19, are still unreliable",data/raw/images/recovery/498.jpg,1,recovery
Samsung and LG warn that the worst financial impact of COVID-19 is still to come,data/raw/images/recovery/499.jpg,1,recovery
Tesla turns a profit and says it may hit [YEAR] delivery goals despite pandemic,data/raw/images/recovery/500.jpg,1,recovery
"Hotels, resorts announce new cleaning programs amid coronavirus. Here s what they look like.",data/raw/images/recovery/501.jpg,1,recovery
"Remdesivir proves effective against coronavirus in major study: We ve got a drug that works, UIC researcher says",data/raw/images/recovery/502.jpg,1,recovery
What We Don t Know About the Coronavirus,data/raw/images/recovery/503.jpg,1,recovery
Michigan Doctor Raided by FBI and Arrested for Treating COVID19 Patients with Vitamin C,data/raw/images/recovery/504.jpg,0,recovery
COVID-19: Where s the Evidence on COVID-19 Treatment,data/raw/images/recovery/nan,0,recovery
"If NHL season resumes in full in July, Blackhawks won t have much to play for",data/raw/images/recovery/506.jpg,1,recovery
Los Angeles City And County Offer Free Coronavirus Testing To All Residents,data/raw/images/recovery/507.jpg,1,recovery
Amazon says it ll spend 4 billion or more dealing with COVID-19,data/raw/images/recovery/508.jpg,1,recovery
The importance of unions is more obvious than ever during the COVID-19 pandemic,data/raw/images/recovery/509.jpg,1,recovery
Passengers Must Wear Masks On Major Airlines To Cut Spread Of Coronavirus,data/raw/images/recovery/510.jpg,1,recovery
Her M.R.I. Came Back Normal After a Seizure. Could It Be Covid-19,data/raw/images/recovery/511.jpg,1,recovery
"Art Institute Lions, Picasso statue in Daley Plaza sporting face masks",data/raw/images/recovery/512.jpg,1,recovery
Feast to famine: Campaign Trail [YEAR] now the road less traveled,data/raw/images/recovery/513.jpg,1,recovery
Our worst day : The fight to treat patients and keep a hospital staffed on the Far South Side,data/raw/images/recovery/514.jpg,1,recovery
"With 65 new free testing sites added, Illinois has run nearly 100K coronavirus tests in past week",data/raw/images/recovery/515.jpg,1,recovery
Coronavirus causes worst smartphone market contraction in history,data/raw/images/recovery/516.jpg,1,recovery
Valve indefinitely delays Dota 2 s The International [YEAR],data/raw/images/recovery/517.jpg,1,recovery
It s impossible to count everyone with COVID-19,data/raw/images/recovery/518.jpg,1,recovery
Clean energy could get Americans back to work post-pandemic,data/raw/images/recovery/519.jpg,1,recovery
How the coronavirus and Chicago s gun violence are related,data/raw/images/recovery/520.jpg,1,recovery
Lightfoot vows to purchase a million masks and distribute them to needy Chicagoans,data/raw/images/recovery/521.jpg,1,recovery
"Oscar Ch vez, famed Mexican protest singer, dies of COVID-19 at 85",data/raw/images/recovery/522.jpg,1,recovery
"Whether it s the Civil War then or the pandemic now, human nature is timeless",data/raw/images/recovery/523.jpg,1,recovery
A Next-Generation Coronavirus Test Raises Hopes And Concerns,data/raw/images/recovery/524.jpg,1,recovery
Illinois Latinos surpass African Americans in coronavirus cases,data/raw/images/recovery/525.jpg,1,recovery
"US intel: Coronavirus not manmade, still studying lab theory",data/raw/images/recovery/526.jpg,1,recovery
Remdesivir Showing Promise In Some COVID-19 Patients,data/raw/images/recovery/nan,0,recovery
Chicago outdoors and coronavirus: Chicago harbors and North Point Marina stay closed; other updates,data/raw/images/recovery/528.jpg,1,recovery
"TAIWAN: No Lockdowns, No Closed Businesses, Non-WHO Member, and Relatively Unaffected by COVID-19",data/raw/images/recovery/nan,0,recovery
Will COVID-19 Contact Tracing Endanger More Precious Liberties,data/raw/images/recovery/nan,0,recovery
"Rural India Embracing Digital Transactions Amid Covid-19, Says Paytm Vice-President",data/raw/images/recovery/nan,0,recovery
The War on Cash: Using COVID-19 to Make Sure the Rich Get Richer and Control the Monetary System,data/raw/images/recovery/532.jpg,0,recovery
Grayzone Founder: Unpacking Lies That Aim to Deceive US Into War With China,data/raw/images/recovery/nan,0,recovery
The Most Important Advice for Parents to Encourage Math in Children Amid Lockdown,data/raw/images/recovery/534.jpg,0,recovery
Coronavirus hero Cuomo helped create New York s disaster,data/raw/images/recovery/535.jpg,1,recovery
Do you feel useless You re not alone...,data/raw/images/recovery/536.jpg,1,recovery
Russian Prime Minister Mishustin tested positive for coronavirus,data/raw/images/recovery/537.jpg,0,recovery
Zoom in style in a sci-fi ship decimating coronavirus particles,data/raw/images/recovery/538.jpg,1,recovery
Midwest: Coronavirus-Related Restrictions By State,data/raw/images/recovery/539.jpg,1,recovery
Michelle Abernathy wasn t just another COVID-19 victim. She made a difference.,data/raw/images/recovery/540.jpg,1,recovery
FDA authorizes experimental drug remdesivir for emergency use in COVID-19 patients,data/raw/images/recovery/541.jpg,1,recovery
Cedars-Sinai To Use UV Light To Treat COVID-19,data/raw/images/recovery/nan,0,recovery
"As Drugs Fail, Natural Solutions to COVID-19 Ignored by Government",data/raw/images/recovery/543.jpg,0,recovery
"China Enters Indian Ocean at Time of COVID-19 Crisis, India s Navy Hurting More Than Expected",data/raw/images/recovery/nan,0,recovery
1 in 5 Patients In Some UK Hospitals Caught Coronavirus in the Hospital,data/raw/images/recovery/nan,0,recovery
Chick-fil-A to offer meal kits amid coronavirus stay-at-home mandates,data/raw/images/recovery/546.jpg,1,recovery
"Chicago outdoors coronavirus: Heidecke, Silver Springs, North Point, Illinois Beach SP, Hennepin-Hopper",data/raw/images/recovery/547.jpg,1,recovery
Healing Power of Light: Why Viruses Thrive in Winter but Not Summer,data/raw/images/recovery/548.jpg,0,recovery
How to make it safe to get a haircut.,data/raw/images/recovery/549.jpg,1,recovery
Ravinia cancels [YEAR] season due to coronavirus pandemic,data/raw/images/recovery/550.jpg,1,recovery
The Essential Workers Filling New York s Coronavirus Wards,data/raw/images/recovery/551.jpg,1,recovery
We re in this together : Inside the Thunderbirds and Blue Angels mission to honor front-line workers,data/raw/images/recovery/552.jpg,1,recovery
Madonna tests positive for COVID-19 antibodies,data/raw/images/recovery/553.jpg,1,recovery
"Schools and colleges in New York will remain closed for the rest of the year, Cuomo says",data/raw/images/recovery/554.jpg,1,recovery
Honda is making financial service workers go into the office during the pandemic,data/raw/images/recovery/555.jpg,1,recovery
Tensions flare at LA Civic Center over coronavirus stay-home orders,data/raw/images/recovery/556.jpg,1,recovery
Chicago area companies getting COVID-19 loans include railcar maker that paid CEO 2.1M,data/raw/images/recovery/557.jpg,1,recovery
CancelRent Is New Rallying Cry for Tenants. Landlords Are Alarmed.,data/raw/images/recovery/558.jpg,1,recovery
"Antibody tests for coronavirus hold promise, but they re not yet reliable enough",data/raw/images/recovery/559.jpg,1,recovery
"How Remdesivir, New Hope for Covid-19 Patients, Was Resurrected",data/raw/images/recovery/560.jpg,1,recovery
Labs Across U.S. Join Federal Initiative to Study Coronavirus Genome,data/raw/images/recovery/561.jpg,1,recovery
"Blackhawks safely can claim another NHL attendance title, but there s little to celebrate",data/raw/images/recovery/562.jpg,1,recovery
The US coronavirus response is still one of the worst in the world,data/raw/images/recovery/563.jpg,1,recovery
The Cubs have seen it all over the years and that s just on the second day of May,data/raw/images/recovery/564.jpg,1,recovery
"Shop Class, Over Zoom",data/raw/images/recovery/565.jpg,1,recovery
Congress needs to send state governments billions of dollars to avoid an economic disaster,data/raw/images/recovery/566.jpg,1,recovery
"Votes, Deployment and Now Parenthood in the Middle of a Pandemic",data/raw/images/recovery/567.jpg,1,recovery
"Despite uncertainty over COVID-19, Wolves planning for next season",data/raw/images/recovery/568.jpg,1,recovery
"TAIWAN: No Lockdowns, No Closed Businesses, Non-WHO Member, and Relatively Unaffected by COVID-19",data/raw/images/recovery/569.jpg,0,recovery
"As U.S. Faces Meat Shortages, Pork Exports from the U.S. to China Increase",data/raw/images/recovery/570.jpg,0,recovery
"Just Like 9/11 Did, COVID-19 Is Shifting Human Consciousness In A Major Way",data/raw/images/recovery/nan,0,recovery
"Highland Park teen, mom teach virtual Zumba, connecting people across the country amid pandemic",data/raw/images/recovery/572.jpg,1,recovery
"Lesley Stahl feeling better after battling COVID-19, spending week in hospital",data/raw/images/recovery/573.jpg,1,recovery
The coronavirus pandemic makes it clear: Europe must decide between the US and China,data/raw/images/recovery/574.jpg,1,recovery
Why are hundreds of people in big cities receiving bailout money meant for farmers,data/raw/images/recovery/575.jpg,1,recovery
Stories of Americans suddenly jobless from the coronavirus pandemic,data/raw/images/recovery/576.jpg,1,recovery
"Doctor, nurse practitioner dipping into own pockets to provide rural health care in Texas",data/raw/images/recovery/577.jpg,1,recovery
UN: US hasn t shared evidence on alleged coronavirus origin,data/raw/images/recovery/578.jpg,1,recovery
"Coronavirus cleaning: Tips to clean your phone, tablet and more",data/raw/images/recovery/579.jpg,1,recovery
Chicago researchers develop new tool to battle coronavirus,data/raw/images/recovery/580.jpg,1,recovery
The inside story on desperately needed swabs: 7 things to know,data/raw/images/recovery/581.jpg,1,recovery
"Why we long for cafes, barber shops and other third places to reopen",data/raw/images/recovery/582.jpg,1,recovery
Rick Bayless foundation announces 215K in grants to small farms,data/raw/images/recovery/583.jpg,1,recovery
3 possible futures for the pandemic (and a scary projection),data/raw/images/recovery/584.jpg,1,recovery
Chicago s African American women restaurateurs refuse to lose their livelihoods to pandemic,data/raw/images/recovery/585.jpg,1,recovery
Grant Park Music Festival canceled due to coronavirus pandemic,data/raw/images/recovery/586.jpg,1,recovery
Microsoft confirms Windows 10X is coming to laptops amid big jump in Windows usage,data/raw/images/recovery/587.jpg,1,recovery
China s Coronavirus Vaccine Drive Empowers a Troubled Industry,data/raw/images/recovery/588.jpg,1,recovery
Called to order: Supreme Court begins 1st arguments by phone,data/raw/images/recovery/589.jpg,1,recovery
91-year-old woman stays busy by doing fashion shows during quarantine,data/raw/images/recovery/590.jpg,1,recovery
Ten highly unpleasant questions that China wants to ask the USA,data/raw/images/recovery/591.jpg,0,recovery
Scientists Conclude That It Is Unlikely To Have COVID-19 Twice,data/raw/images/recovery/nan,0,recovery
Has New Zealand Effectively Eliminated COVID-19,data/raw/images/recovery/nan,0,recovery
Physician s Recession Guide: How to Protect Your Practice During COVID-19,data/raw/images/recovery/nan,0,recovery
NY POST: Spanish Official Apologizes for Trying to Disinfect Beach with Bleach,data/raw/images/recovery/nan,0,recovery
Coronavirus; US Election; Harry Dunn; Could Sport Events Be Done Behind Closed Doors,data/raw/images/recovery/nan,0,recovery
NYC will use powerful ultraviolet lamps to kill the coronavirus on subways and buses,data/raw/images/recovery/597.jpg,1,recovery
Credit card applications have dropped by 40% amid coronavirus here s when to apply for a new card,data/raw/images/recovery/598.jpg,1,recovery
"Food Network, HGTV see ratings spike due to coronavirus stay-at-homes",data/raw/images/recovery/599.jpg,1,recovery
"Cleaning your devices Here are some coronavirus cleaning tips for your phone, tablet and more",data/raw/images/recovery/600.jpg,1,recovery
"Patent Law Ain t Broke, So Don t Fix It",data/raw/images/recovery/nan,0,recovery
The White House hopes Americans will suddenly stop dying of coronavirus,data/raw/images/recovery/602.jpg,1,recovery
A majority of coronavirus deaths in the US were in disproportionately black counties,data/raw/images/recovery/603.jpg,1,recovery
Skyrocketing meat prices force Pilsen sandwich shop to close indefinitely,data/raw/images/recovery/604.jpg,1,recovery
The Blacklist s season finale will be partially animated as teams work to finish from home,data/raw/images/recovery/605.jpg,1,recovery
Campaign organizing involves personal connections. Digital teams are trying to adapt amid coronavirus,data/raw/images/recovery/606.jpg,1,recovery
Coronavirus pandemic meets America s gun crisis,data/raw/images/recovery/607.jpg,1,recovery
,data/raw/images/recovery/nan,0,recovery
5G May Penetrate Deeper Into the Body Because of Its Very Fast Pulse Says Former WHO Scientist,data/raw/images/recovery/nan,0,recovery
Coronavirus Gives a Dangerous Boost to DARPA s Darkest Agenda,data/raw/images/recovery/nan,0,recovery
Nicotine Policy Should Not Be Exempt From Science,data/raw/images/recovery/nan,0,recovery
Russia loses prominent space scientist who died of COVID-19,data/raw/images/recovery/612.jpg,0,recovery
New York City doctor finds balance between family and coronavirus frontlines,data/raw/images/recovery/613.jpg,1,recovery
Trump pick to oversee rescue spending pledges impartiality,data/raw/images/recovery/614.jpg,1,recovery
"2 dead among 85 workers at CPS schools who have tested positive for COVID-19, officials say",data/raw/images/recovery/615.jpg,1,recovery
"Airbnb laying off 1,900 employees due to travel decline",data/raw/images/recovery/616.jpg,1,recovery
An Amazon warehouse worker in New York has died of COVID-19,data/raw/images/recovery/617.jpg,1,recovery
Vote-by-mail debate raises fears of election disinformation,data/raw/images/recovery/618.jpg,1,recovery
USA TODAY NETWORK Launches Series Focused on Workers Feeding America During the COVID-19 Pandemic,data/raw/images/recovery/619.jpg,1,recovery
"Testers want tests, but let s test the testers",data/raw/images/recovery/620.jpg,1,recovery
How the space industry is weathering the coronavirus pandemic,data/raw/images/recovery/621.jpg,1,recovery
Tommy Bartlett Show cancels [YEAR] season due to pandemic,data/raw/images/recovery/622.jpg,1,recovery
"Coronavirus, White House Task Force, U.S. Senate: Your Wednesday Briefing",data/raw/images/recovery/623.jpg,1,recovery
Have I Been Cleaning All Wrong,data/raw/images/recovery/624.jpg,1,recovery
Bears [YEAR] schedule comes out Thursday. Here s what the NFL should do.,data/raw/images/recovery/625.jpg,1,recovery
Where Americans are still staying at home the most,data/raw/images/recovery/nan,1,recovery
Challenges and a Coronavirus Vaccine,data/raw/images/recovery/nan,0,recovery
600 Doctors Warn Trump: Lockdown Deadlier Than Coronavirus,data/raw/images/recovery/nan,0,recovery
IEA: Clean energy progress after the Covid-19 crisis will need reliable supplies of critical minerals,data/raw/images/recovery/nan,0,recovery
"An Adoption, a Pandemic and an Evacuation",data/raw/images/recovery/630.jpg,1,recovery
"Amazon Should Be Nationalised as It Has Become a Public Marketplace, Economist Says",data/raw/images/recovery/nan,0,recovery
"In Tearful Post, Frontline Nurse Explains How Covid-19 Patients are Being Murdered in NYC Hospitals",data/raw/images/recovery/632.jpg,0,recovery
Coronavirus epidemic in Russia shows no signs of decline,data/raw/images/recovery/633.jpg,0,recovery
"It Sure Looks Like the Trump Administration Used Some Bad, High School Level Math to Justify Reopening the Economy",data/raw/images/recovery/634.jpg,1,recovery
"Displaced from colleges and well-stocked training tables, college athletes get cooking classes, grocery tips",data/raw/images/recovery/635.jpg,1,recovery
Federal stimulus checks: No forwarding address for some recipients,data/raw/images/recovery/636.jpg,1,recovery
Wages are about to jump faster than ever in history for all the wrong reasons,data/raw/images/recovery/637.jpg,1,recovery
Andrew Cuomo just tapped Bill Gates to help him reimagine what New York s public schools will look like when they reopen in the fall,data/raw/images/recovery/638.jpg,1,recovery
Justices wary of Obamacare birth control coverage changes,data/raw/images/recovery/639.jpg,1,recovery
"What s our plan, Mr. President",data/raw/images/recovery/640.jpg,1,recovery
"Hey, I get it. You think you re young and invincible so why wear the mask",data/raw/images/recovery/641.jpg,1,recovery
Chicago community organizers demand educational reform for students of color,data/raw/images/recovery/642.jpg,1,recovery
Mom gives birth to twins while sick with coronavirus,data/raw/images/recovery/643.jpg,1,recovery
Tribeca partners with AT T and IMAX to launch summer movie drive-in series,data/raw/images/recovery/644.jpg,1,recovery
The Medical Students Who Joined the Battle Against the Coronavirus,data/raw/images/recovery/645.jpg,1,recovery
You can t find super-spreader businesses with old GPS data,data/raw/images/recovery/646.jpg,1,recovery
The IRS Sent Coronavirus Relief Payments To Dead People,data/raw/images/recovery/647.jpg,1,recovery
Pitchfork [YEAR] canceled due to COVID-19,data/raw/images/recovery/648.jpg,1,recovery
"DCFS must end its ban on supervised visits between parents, children and siblings",data/raw/images/recovery/649.jpg,1,recovery
Apple is giving 10 million to COVID-19 testing kit company,data/raw/images/recovery/650.jpg,1,recovery
"Illinois students allowed to return to schools to clean out lockers, official says",data/raw/images/recovery/651.jpg,1,recovery
The Universe Hit Pause : The Ripple Effects of Broadway s Shutdown,data/raw/images/recovery/652.jpg,1,recovery
Let Trump help you learn to be a better person,data/raw/images/recovery/653.jpg,1,recovery
"To help the US economy bounce back from the pandemic, we need to make sure businesses aren t buried by red tape",data/raw/images/recovery/654.jpg,1,recovery
Covid-19: What Will Happen If We Re-Open for Business,data/raw/images/recovery/nan,0,recovery
Why a [YEAR] Illinois Trump delegate won t support him in [YEAR],data/raw/images/recovery/656.jpg,1,recovery
Military member near Trump tests positive,data/raw/images/recovery/657.jpg,1,recovery
Elizabeth Warren and Bernie Sanders demand Amazon explain whistleblower firings,data/raw/images/recovery/658.jpg,1,recovery
FDA authorizes CRISPR-based test for COVID-19,data/raw/images/recovery/659.jpg,1,recovery
Suspicions Raised Over COVID-19 Tests After a Fruit Reportedly Tests Positive for Virus,data/raw/images/recovery/660.jpg,0,recovery
The disappointing truth about antibody testing,data/raw/images/recovery/661.jpg,1,recovery
"As Waymo resumes self-driving tests, backup drivers are still worried about the virus",data/raw/images/recovery/662.jpg,1,recovery
"This is all worth it : Andre Dawson, MLB Hall of Famer and funeral home owner, helps families dealing with coronavirus",data/raw/images/recovery/663.jpg,1,recovery
Why too much exercise during your coronavirus quarantine is not a good thing,data/raw/images/recovery/664.jpg,1,recovery
"Northwestern gave bonuses to hospital employees working through COVID-19 pandemic. Now, some will have to give the money back",data/raw/images/recovery/665.jpg,1,recovery
The Road to Reopening America Runs Through the Bathroom,data/raw/images/recovery/666.jpg,1,recovery
How casinos will work when they reopen in a pandemic.,data/raw/images/recovery/667.jpg,1,recovery
South African brewer says it may dump 400M bottles of beer amid pandemic,data/raw/images/recovery/668.jpg,1,recovery
Pritzker y Lightfoot responden ante el aumento de casos de COVID-19 entre los hispanos,data/raw/images/recovery/669.jpg,1,recovery
"Pritzker urged to let restaurants open June 1 but at 25% capacity, with employee safeguards",data/raw/images/recovery/670.jpg,1,recovery
Chicago restaurants outdoor patios and rooftop gardens can stay open until midnight when they reopen,data/raw/images/recovery/671.jpg,1,recovery
"After Recovery From the Coronavirus, Most People Carry Antibodies",data/raw/images/recovery/672.jpg,1,recovery
What s behind China s new behavior in Europe,data/raw/images/recovery/673.jpg,1,recovery
"Strike by 6,000 Illinois nursing home workers averted",data/raw/images/recovery/674.jpg,1,recovery
Taco Bell s setting up your At Home Taco Bar,data/raw/images/recovery/675.jpg,1,recovery
"Even with people staying in, carbon dioxide is breaking records",data/raw/images/recovery/676.jpg,1,recovery
3 charts show the alarming ways school closures have left America s most vulnerable children behind,data/raw/images/recovery/677.jpg,1,recovery
What Do Studies on New Coronavirus Mutations Tell Us,data/raw/images/recovery/nan,1,recovery
"Chicago outdoors/coronavirus [Updated]: Ohio nonresident sales, Lake County interpretation on boating",data/raw/images/recovery/679.jpg,1,recovery
"Clorox wipes should be fully back in stock by summer, company CEO says",data/raw/images/recovery/680.jpg,1,recovery
"WHO Guidelines for Frontline PPE Use Designed to Protect People, Conserve Gear",data/raw/images/recovery/nan,1,recovery
Coursera has a free CME-eligible course that gives students an overview of COVID-19 in just 3 hours,data/raw/images/recovery/682.jpg,1,recovery
Child stricken with mysterious illness linked to COVID-19 being treated at Chicago area hospital,data/raw/images/recovery/683.jpg,1,recovery
Manifest Urban Arts Festival will be digital event this year,data/raw/images/recovery/684.jpg,1,recovery
We ll Meet Again: Royal Albert Hall to Host 1st Closed Door Victory Day Concert Amid COVID-19 - CEO,data/raw/images/recovery/nan,0,recovery
Russia becomes new hotspot on the map of coronavirus pandemic,data/raw/images/recovery/686.jpg,0,recovery
Western journalists politicians MOCK Russian doctors driven to suicide by Covid-19 pressures,data/raw/images/recovery/687.jpg,0,recovery
"With 81% of Coronavirus Deaths in MN Nursing Homes, Gov. Walz Refuses to Stop Killing Grandmas",data/raw/images/recovery/nan,0,recovery
Mount Sinai-Sorrento COVID-19 Venture,data/raw/images/recovery/nan,0,recovery
"On-demand food delivery apps are letting minors order alcohol, regulators say",data/raw/images/recovery/690.jpg,1,recovery
15 college students on how COVID-19 derailed their lives,data/raw/images/recovery/691.jpg,1,recovery
Paris yet to provide details of cash pledge for coronavirus fight,data/raw/images/recovery/692.jpg,1,recovery
Coronavirus: France s strange defeat,data/raw/images/recovery/693.jpg,1,recovery
Here are all the credit card sign-up bonus extensions during coronavirus,data/raw/images/recovery/694.jpg,1,recovery
Andy Serkis Reads Aloud The Entirety Of The Hobbit For Charity,data/raw/images/recovery/695.jpg,1,recovery
"Coronavirus came from bats, can infect cats, ferrets, WHO says",data/raw/images/recovery/696.jpg,1,recovery
Copper Takes Aim at COVID-19 With Virus-Killer Coatings,data/raw/images/recovery/nan,1,recovery
U.S. Jobs Report Shows Clearest Data Yet on Economic Toll,data/raw/images/recovery/nan,1,recovery
Andy Serkis is reading The Hobbit in a 12-hour marathon for COVID-19 relief,data/raw/images/recovery/699.jpg,1,recovery
Abbott Coronavirus Test Is Accurate; Infected Mother s Breast Milk May Protect Infants,data/raw/images/recovery/nan,1,recovery
Here s an idea why Secretary of State Pompeo keeps spreading the conspiracy theory that coronavirus escaped from a Chinese lab,data/raw/images/recovery/701.jpg,1,recovery
The stock market s recent surge makes sense if you actually look at the US economy,data/raw/images/recovery/702.jpg,1,recovery
Tesla plans to partially reopen Fremont factory on Friday,data/raw/images/recovery/703.jpg,1,recovery
How A Virtual Powwow Helped Heal A Spirit Broken During The Pandemic,data/raw/images/recovery/704.jpg,1,recovery
Roy Horn of Siegfried Roy dies from coronavirus at 75,data/raw/images/recovery/705.jpg,1,recovery
"What is open in Virginia, and how did officials decide",data/raw/images/recovery/nan,1,recovery
"Senators probe Medline about Project Air Bridge, say the American people need an explanation",data/raw/images/recovery/707.jpg,1,recovery
"She left Illinois to be a cruise ship singer, got stuck at sea nearly 2 months by COVID-19",data/raw/images/recovery/708.jpg,1,recovery
Asian Americans PBS documentary explores prejudice and perseverance amid coronavirus,data/raw/images/recovery/709.jpg,1,recovery
Low-rated nursing homes in Cook County fare worst in COVID-19 deaths,data/raw/images/recovery/710.jpg,1,recovery
"If you reopen for business early and somebody dies, don t expect your insurance company to bail you out",data/raw/images/recovery/711.jpg,1,recovery
Nursing homes account for 48% of all Illinois COVID-19 deaths,data/raw/images/recovery/712.jpg,1,recovery
Bravery and Hope: 7 Days on the Front Line takes viewers inside NYC hospital amid COVID-19 pandemic,data/raw/images/recovery/713.jpg,1,recovery
Rebuilding Bronzeville: Black Chicago s post-COVID-19 future starts on south lakefront,data/raw/images/recovery/714.jpg,1,recovery
Details of the five-phase plan to reopen Chicago,data/raw/images/recovery/715.jpg,1,recovery
Lightfoot eyeing range of revenue-generating options to recover money lost to coronavirus,data/raw/images/recovery/716.jpg,1,recovery
Fact-check: Pelosi laying all of Illinois fiscal mess at Rauner s feet ignores 100 years of fellow culprits,data/raw/images/recovery/717.jpg,1,recovery
"We re all struggling. In a culture shift, Americans are more open about their personal finance struggles.",data/raw/images/recovery/718.jpg,1,recovery
Coronavirus in the DMV: What you need to know,data/raw/images/recovery/nan,1,recovery
Trio of Illinois small businesses get a boost amid pandemic thanks to some high-profile help,data/raw/images/recovery/720.jpg,1,recovery
Quarantine hair help: How to hide roots better than a tree,data/raw/images/recovery/721.jpg,1,recovery
VP Pence s spokesperson tests positive for coronavirus,data/raw/images/recovery/722.jpg,1,recovery
We Now Have the Worst Unemployment Rate Since the Great Depression,data/raw/images/recovery/723.jpg,1,recovery
Why high school juniors could be big losers in the coronavirus pandemic,data/raw/images/recovery/724.jpg,1,recovery
Russia s levitating ruble: Why oil price collapse has NOT sent currency into FREEFALL,data/raw/images/recovery/725.jpg,0,recovery
FDA authorizes rapid COVID 19 antigen test,data/raw/images/recovery/726.jpg,1,recovery
How Justin Gaethje Won the Interim Lightweight Title at U.F.C. 249,data/raw/images/recovery/727.jpg,1,recovery
"During COVID-19 crisis, prioritize release of pregnant inmates",data/raw/images/recovery/728.jpg,1,recovery
"New coronavirus outbreaks in Germany, South Korea show the risks in easing up",data/raw/images/recovery/729.jpg,1,recovery
"Elon Musk threatens to move Tesla from California, files suit against Alameda County",data/raw/images/recovery/730.jpg,1,recovery
Obama slams Trump s COVID-19 response,data/raw/images/recovery/731.jpg,1,recovery
The Russians Are Coming : How East Germans Met Soviet Soldiers in [YEAR],data/raw/images/recovery/nan,0,recovery
The Film Jaws Offers Splendid Metaphor for Actions of Johnson,data/raw/images/recovery/nan,0,recovery
Bill Gates Offers Nigerian House of Reps 10 Million Bribe for Speedy Passage of Compulsory Coronavirus Vaccine Bill Citizens Threaten Action to Stop It,data/raw/images/recovery/734.jpg,0,recovery
Comic Relief: What It s Like to Believe Everything the Media Tells You About COVID,data/raw/images/recovery/735.jpg,0,recovery
Why it matters that the NIH canceled a coronavirus research grant,data/raw/images/recovery/736.jpg,1,recovery
"On Mother s Day, leaders search for optimism amid pandemic",data/raw/images/recovery/737.jpg,1,recovery
"In emotional Mother s Day message, health chief says more than 1,000 Illinois moms lost to COVID-19",data/raw/images/recovery/738.jpg,1,recovery
Amazon worker: At least 600 Amazon employees stricken by coronavirus,data/raw/images/recovery/739.jpg,1,recovery
Staff of New York City hospital surprised with free vacations as thanks for tirelessly fighting coronavirus,data/raw/images/recovery/740.jpg,1,recovery
Barbers share frustrations about being sidelined in the state s road to recovery,data/raw/images/recovery/741.jpg,1,recovery
Blue Angels announce Chicago flyover planned for Tuesday,data/raw/images/recovery/742.jpg,1,recovery
Sorrento Therapeutics skyrockets 244% after claiming a breakthrough on a COVID-19 antibody (SRNE),data/raw/images/recovery/743.jpg,1,recovery
Not even a devastating pandemic was able to unite Americans,data/raw/images/recovery/744.jpg,1,recovery
A much-maligned corner of the oil market is a rare winner during the coronavirus pandemic,data/raw/images/recovery/745.jpg,1,recovery
"Photos: During coronavirus-spurred intermission, theater marquees share funny, hopeful messages",data/raw/images/recovery/746.jpg,1,recovery
Strict lockdowns have exposed deep class divisions in Europe but the problem is even worse in the US,data/raw/images/recovery/747.jpg,1,recovery
Boris Johnson Outlines Plan To Ease Coronavirus Restrictions In England,data/raw/images/recovery/748.jpg,1,recovery
MLB s coronavirus antibody test for employees yields [DECIMAL] % positive rate,data/raw/images/recovery/749.jpg,1,recovery
"In Time For Mother s Day, Belgium Will Allow Up To 4 Guests At Home",data/raw/images/recovery/750.jpg,1,recovery
Bank of America raises 1 billion in a corporate bond offering to help health industry fight pandemic,data/raw/images/recovery/751.jpg,1,recovery
Becoming King of Ventilators may result in unexpected glut,data/raw/images/recovery/752.jpg,1,recovery
Guy Fieri raises over 20 million for struggling restaurant workers,data/raw/images/recovery/753.jpg,1,recovery
We are a strong people : Doctors on front lines against coronavirus in Navajo Nation share their stories,data/raw/images/recovery/754.jpg,1,recovery
"Scenes from the Paris metro, as France lifts its coronavirus lockdown",data/raw/images/recovery/755.jpg,1,recovery
The scary White House outbreak should make Trump think again about reopening,data/raw/images/recovery/756.jpg,1,recovery
Iran s mishandled coronavirus response is triggering a backlash against the regime,data/raw/images/recovery/757.jpg,1,recovery
Risk of reopening US economy too fast: A W-shaped recovery,data/raw/images/recovery/758.jpg,1,recovery
NOTICE of NON-CONSENT to say NO to the Big Brother bill (HR [YEAR] ) and preserve YOUR RIGHTS,data/raw/images/recovery/759.jpg,0,recovery
"Image Surfaces of Dr. Fauci With George Soros, Bill Gates Sr., David Rockefeller, Ted Turner",data/raw/images/recovery/nan,0,recovery
Antiviral Drug Cocktail Shows Success In Clearing COVID-19 In 7 Days,data/raw/images/recovery/nan,0,recovery
Vitamin D Levels Appear To Have A Role In COVID-19 Mortality,data/raw/images/recovery/nan,0,recovery
Set Europe Ablaze : Treasure Trove of British WW2-Era Spy Gadgets Under Hammer,data/raw/images/recovery/nan,0,recovery
US Election; Travel Coronavirus; Coronavirus Sport; Coronavirus Medical Update,data/raw/images/recovery/nan,0,recovery
"Aldermen protect workers from retaliation for COVID-related absences, ease up on businesses",data/raw/images/recovery/765.jpg,1,recovery
From WWII to COVID-19 Denial,data/raw/images/recovery/nan,0,recovery
"China s military says its troops haven t caught coronavirus, but the pandemic has still affected its plans",data/raw/images/recovery/767.jpg,1,recovery
"In Coronavirus War Of Words With The U.S., China Pulls No Punches",data/raw/images/recovery/768.jpg,1,recovery
I was born in the year of the Spanish Flu and I m not ready to leave in the year of COVID-19,data/raw/images/recovery/769.jpg,1,recovery
Twitter introducing new labels for tweets with misleading COVID-19 information,data/raw/images/recovery/770.jpg,1,recovery
Quibi will add sharing features as the app struggles to find subscribers,data/raw/images/recovery/771.jpg,1,recovery
ICYMI: A look back at Sunday s 60 Minutes,data/raw/images/recovery/772.jpg,1,recovery
A Colorado Restaurant Hosted A Crowd On Mother s Day. It s Now Been Closed Down,data/raw/images/recovery/773.jpg,1,recovery
"Pritzker: Senior staffer positive for COVID-19, so rest of the team, myself included, is working from home",data/raw/images/recovery/774.jpg,1,recovery
Illinois families need monthly cash payments to weather COVID-19 crisis,data/raw/images/recovery/775.jpg,1,recovery
"Pritzker offers disheartening news: COVID-19 deaths could range from 50 to 300 a day, possibly into July",data/raw/images/recovery/776.jpg,1,recovery
"Don t worry about getting stuck with expired license plate sticker, officials say",data/raw/images/recovery/777.jpg,1,recovery
Quarantine Diaries: Derek Hough s neighbors wonder why he s outside in full Disney costume,data/raw/images/recovery/778.jpg,1,recovery
"After a horrific month in which nearly 21 million Americans lost their jobs, why is the stock market still going up",data/raw/images/recovery/779.jpg,1,recovery
"Lightfoot hopes to educate defiant church into compliance, avoiding mass arrests",data/raw/images/recovery/780.jpg,1,recovery
Presidential election [YEAR] cartoon gallery,data/raw/images/recovery/781.jpg,1,recovery
Why it might not be such a crazy idea to start a company right now,data/raw/images/recovery/782.jpg,1,recovery
"Governor Gretchen Whitmer on the Coronavirus, Trump, and the Accusations Against Joe Biden",data/raw/images/recovery/783.jpg,1,recovery
"The Blue Angels are flying over Chicago Tuesday, and here s what you should know",data/raw/images/recovery/784.jpg,1,recovery
"Northwestern announces 250 furloughs, 90M budget shortfall",data/raw/images/recovery/785.jpg,1,recovery
"Trump administration cuts funding for coronavirus researcher, jeopardizing possible COVID-19 cure",data/raw/images/recovery/786.jpg,1,recovery
Need to escape How about a drive through Melbourne or Mumbai,data/raw/images/recovery/787.jpg,1,recovery
Anthony Fauci says NFL season could be feasible by fall,data/raw/images/recovery/788.jpg,1,recovery
Putin s official spokesman Dmitry Peskov hospitalized with coronavirus infection,data/raw/images/recovery/789.jpg,0,recovery
Chinese Americans in Chicago donate 1 million surgical masks to city s first-responders,data/raw/images/recovery/790.jpg,1,recovery
Fauci warns of suffering and death if US reopens too soon,data/raw/images/recovery/791.jpg,1,recovery
House Democrats Unveil 3 Trillion Proposal For Coronavirus Relief,data/raw/images/recovery/792.jpg,1,recovery
"Dems 3T new virus bill boosts state aid, essential workers",data/raw/images/recovery/793.jpg,1,recovery
The Workplace-Surveillance Technology Boom,data/raw/images/recovery/794.jpg,1,recovery
"Hackers are impersonating Zoom, Microsoft Teams, and Google Meet for phishing scams",data/raw/images/recovery/795.jpg,1,recovery
"White Sox, Cubs fans won t have much tolerance for baseball labor strife",data/raw/images/recovery/796.jpg,1,recovery
The South s Restaurant Reopening Is Going About As Well As You d Expect,data/raw/images/recovery/797.jpg,1,recovery
What Will Air Travel Look Like After the Pandemic,data/raw/images/recovery/798.jpg,1,recovery
Neiman Marcus is among the brands that might not survive coronavirus,data/raw/images/recovery/799.jpg,1,recovery
Study Finds Most Develop Antibodies To COVID-19,data/raw/images/recovery/nan,0,recovery
"Russian-made ventilators catch fire, kill Covid-positive patients in Moscow and St. Petersburg",data/raw/images/recovery/801.jpg,0,recovery
English Domestic Abuse Service Providers Struggle to Cope With Demand Amid COVID-19 - Women s Aid,data/raw/images/recovery/nan,0,recovery
"US, UK Poisoning Ties With China, Basing COVID-19 Responses On Politics, Not Science , Author Says",data/raw/images/recovery/nan,0,recovery
There Was So Little Information : Polio Survivors Offer Pandemic Perspective,data/raw/images/recovery/804.jpg,1,recovery
Oprah Winfrey launching live virtual wellness experience during pandemic,data/raw/images/recovery/805.jpg,1,recovery
"A break from COVID-19, coming soon to a drive-in theater near you",data/raw/images/recovery/806.jpg,1,recovery
Some Apple employees will reportedly return to physical offices soon,data/raw/images/recovery/807.jpg,1,recovery
Factbox: U.S. COVID-19 Tests-What s Out There and How Well Do They Work,data/raw/images/recovery/nan,1,recovery
Inside the Red Zone of a New York hospital on the front lines of the coronavirus pandemic,data/raw/images/recovery/809.jpg,1,recovery
He Was a Science Star. Then He Promoted a Questionable Cure for Covid-19.,data/raw/images/recovery/810.jpg,1,recovery
Lessons from 6 countries on how to end coronavirus lockdowns,data/raw/images/recovery/811.jpg,1,recovery
How Hong Kong Did It,data/raw/images/recovery/812.jpg,1,recovery
Mixed-status families seek class action lawsuit against Trump administration over not receiving stimulus checks,data/raw/images/recovery/813.jpg,1,recovery
Lightfoot exploring more ways to prevent mayor s office from being infected by coronavirus,data/raw/images/recovery/814.jpg,1,recovery
"One of Putin s closest aides, spokesman Dmitry Peskov, has been hospitalized for the coronavirus",data/raw/images/recovery/815.jpg,1,recovery
Midlothian won t let COVID-19-positive wards of the state stay in nonprofit facility: suit,data/raw/images/recovery/816.jpg,1,recovery
"2.5M in coronavirus stimulus to Navy Pier Inc., clout-heavy nonprofit run by 500K exec",data/raw/images/recovery/817.jpg,1,recovery
"Travel influencers used to sell the dream of a jetsetting lifestyle. Here s how some of the biggest industry names are making ends meet and trying to reinvent themselves in a new, remote world.",data/raw/images/recovery/818.jpg,1,recovery
How Facebook is using AI to combat COVID-19 misinformation and detect hateful memes,data/raw/images/recovery/819.jpg,1,recovery
[DECIMAL] million people lost their jobs in April. Here are the 10 job types that were hardest hit.,data/raw/images/recovery/820.jpg,1,recovery
Carbon emissions in India are down for the first time in four decades,data/raw/images/recovery/821.jpg,1,recovery
I Got Fired Over Zoom,data/raw/images/recovery/822.jpg,1,recovery
American workers are being hung out to dry during the pandemic,data/raw/images/recovery/823.jpg,1,recovery
"How long will I receive unemployment and the extra 600 Your COVID-19 money questions, answered",data/raw/images/recovery/824.jpg,1,recovery
Cubs Ian Happ helps brew up help for COVID-19 charities,data/raw/images/recovery/825.jpg,1,recovery
Bryan Adams apologizes after profane rant against bat eating people,data/raw/images/recovery/826.jpg,1,recovery
California Air National Guard to salute frontline workers with flyover,data/raw/images/recovery/827.jpg,1,recovery
"Forget 24/7, it s now 24/30 or longer for some who take care of developmentally disabled: Basically, we are their family",data/raw/images/recovery/828.jpg,1,recovery
"144 more die in Illinois from COVID-19 as fatalities top 3,600 and state hits record for new cases",data/raw/images/recovery/829.jpg,1,recovery
There is no American exceptionalism. The pandemic proves it.,data/raw/images/recovery/830.jpg,1,recovery
South Korea Postpones School Reopening As The Number Of New Coronavirus Cases Soars,data/raw/images/recovery/831.jpg,1,recovery
We hear the cry in nursing homes Help me yet we turn away,data/raw/images/recovery/832.jpg,1,recovery
Couples opting for minimonies to salvage wedding plans amid pandemic,data/raw/images/recovery/833.jpg,1,recovery
"Nurses: Tough, tender pros who love their jobs",data/raw/images/recovery/834.jpg,1,recovery
Life in Britain Without Sport is Grim: We Need it Back as Soon as Possible,data/raw/images/recovery/nan,0,recovery
Chinese Fortune Cookie for [YEAR] : Orange Man Bad,data/raw/images/recovery/836.jpg,0,recovery
Who Has It Worse: Donald Trump or Abraham Lincoln,data/raw/images/recovery/nan,0,recovery
The Wuhan Virus Lockdown is a Colossal Blunder,data/raw/images/recovery/nan,0,recovery
Funeral crisis in Russia: Victims of Covid-19 buried in garbage bags,data/raw/images/recovery/839.jpg,0,recovery
Biden s Proposal to Woo Black Voters Falls Short,data/raw/images/recovery/nan,0,recovery
Understanding Viktor Orb n s Purportedly Unlimited Emergency Powers over Hungary,data/raw/images/recovery/nan,0,recovery
"Boris Johnson Right to Loosen England s Coronavirus Lockdown , Political Commentator Says",data/raw/images/recovery/nan,0,recovery
Staying Fit And Active During COVID-19,data/raw/images/recovery/nan,0,recovery
The Coronavirus and the Attack on Liberty and Privacy,data/raw/images/recovery/nan,0,recovery
Pichot Resigns From World Rugby Council,data/raw/images/recovery/nan,0,recovery
Deliver Us from Evil Democrats,data/raw/images/recovery/nan,0,recovery
FBI cyber division warns against Chinese hackers,data/raw/images/recovery/847.jpg,1,recovery
How Coronavirus Could Make People Move,data/raw/images/recovery/848.jpg,1,recovery
Common urges jail releases amid pandemic with WeMatterToo video short: WATCH,data/raw/images/recovery/849.jpg,1,recovery
Rock and Roll Hall of Fame museum set for June reopening,data/raw/images/recovery/850.jpg,1,recovery
US federal agencies warn that Chinese hackers are targeting COVID-19 research on vaccines and treatments,data/raw/images/recovery/851.jpg,1,recovery
"As elective surgeries resume, out-of-state patients flock to Illinois doctors",data/raw/images/recovery/852.jpg,1,recovery
14 Hours And A Costco Card: How A Grocer In Alaska Feeds His Town In A Pandemic,data/raw/images/recovery/853.jpg,1,recovery
Harvard s e-learning platform edX launched a free and fast course on ventilator use for medical professionals being reassigned to ICUs. It could help address urgent training needs in hospitals around,data/raw/images/recovery/854.jpg,1,recovery
"What the top 10 most visited national parks in the US have said about their plans to reopen, from opening in phases to implementing social distancing guidelines",data/raw/images/recovery/855.jpg,1,recovery
The budget breakdown of a nurse working on the frontlines of the coronavirus pandemic in Detroit,data/raw/images/recovery/856.jpg,1,recovery
"Matt Damon surprises nurse in Ireland, where he and his family are self-isolating in small seaside town",data/raw/images/recovery/857.jpg,1,recovery
Nick Cordero s wife says he has woken up from coma weeks after coronavirus hospitalization: He s a true superhero,data/raw/images/recovery/858.jpg,1,recovery
Bill Gates has been warning of a global health threat for years. Here are 12 people who seemingly predicted the coronavirus pandemic.,data/raw/images/recovery/859.jpg,1,recovery
"Amid the Coronavirus Crisis, a Regimen for Re ntry",data/raw/images/recovery/860.jpg,1,recovery
Twitter to label misinformation about coronavirus amid flood of false claims and conspiracy theories,data/raw/images/recovery/861.jpg,1,recovery
Former CDC chief Tom Frieden warns of many waves of COVID-19 if economy reopens too soon,data/raw/images/recovery/862.jpg,1,recovery
"Mortgage rates are predicted to hit record lows by the end of [YEAR] , but is it a buyer s or seller s market Here s what you need to know if you re planning to buy or sell a home this year.",data/raw/images/recovery/863.jpg,1,recovery
A Biologist Explains Why She and [DECIMAL] Million Others Are Role-Playing as Ants on Facebook,data/raw/images/recovery/864.jpg,1,recovery
Trump s plan to get through coronavirus comes straight from the Soviet playbook,data/raw/images/recovery/865.jpg,1,recovery
The doomsday bunker market is thriving amid the coronavirus pandemic,data/raw/images/recovery/866.jpg,1,recovery
Of course Republicans will pass another stimulus bill (but they have to grumble first),data/raw/images/recovery/867.jpg,1,recovery
"The lockdown live-streaming numbers are out, and they re huge",data/raw/images/recovery/868.jpg,1,recovery
Lightfoot leans on community groups to curb spread of coronavirus among Latinos,data/raw/images/recovery/869.jpg,1,recovery
How the novel coronavirus is speeding the scooter apocalypse,data/raw/images/recovery/870.jpg,1,recovery
US government accuses Chinese cyber actors of trying to steal COVID-19 vaccine research,data/raw/images/recovery/871.jpg,1,recovery
Paul Manafort released from prison due to virus concerns,data/raw/images/recovery/872.jpg,1,recovery
Amazon asks Congress to pass a law against price gouging during national crisis,data/raw/images/recovery/873.jpg,1,recovery
Boss Trump takes precautions while pushing Americans aside,data/raw/images/recovery/874.jpg,1,recovery
The Pandemic Work Diary of Netflix s Queer Champion,data/raw/images/recovery/875.jpg,1,recovery
"Can the N.B.A. Come Back, and Stay Back",data/raw/images/recovery/876.jpg,1,recovery
Twin Antibodies May Help Fight Coronavirus; Normal Speech May Spread Virus,data/raw/images/recovery/nan,1,recovery
Where Coronavirus Cases Are Rising in the United States,data/raw/images/recovery/nan,1,recovery
"Politicians pushing to reopen faster are idiots, says expert, blaming those not following rules for continued rise in COVID-19 cases",data/raw/images/recovery/879.jpg,1,recovery
"Amid COVID-19, An Invasive Species Reaches America s Shores",data/raw/images/recovery/nan,1,recovery
Why the military can treat service members for COVID-19 with drugs that haven t been approved for it,data/raw/images/recovery/881.jpg,1,recovery
Fears and frustration as Illinois sees deadliest COVID-19 day yet: This is a real disease. This is a serious disease. It s not a hoax,data/raw/images/recovery/882.jpg,1,recovery
WeWork Locations Are Essentially Unusable Now. They re Still Charging Rent.,data/raw/images/recovery/883.jpg,1,recovery
"Coronavirus crisis sees Italy plan to grant 500,000 undocumented migrants work permits",data/raw/images/recovery/884.jpg,1,recovery
"Workers: Concerned about jobs, despite employers satisfying coronavirus pandemic response",data/raw/images/recovery/885.jpg,1,recovery
Jason Isbell on releasing his new album during a pandemic: I need to feel a connection with people,data/raw/images/recovery/886.jpg,1,recovery
Wuhan Diary Brings Account Of China s Coronavirus Outbreak To English Speakers,data/raw/images/recovery/887.jpg,1,recovery
The American obsession with individualism and the refusal to wear a mask.,data/raw/images/recovery/888.jpg,1,recovery
Amazon engineers develop face shields for frontline workers,data/raw/images/recovery/889.jpg,1,recovery
How could the coronavirus pandemic change the world,data/raw/images/recovery/890.jpg,1,recovery
Officials release edited coronavirus reopening guidance,data/raw/images/recovery/891.jpg,1,recovery
Doctors in Italy find link between rare inflammatory disease in children and COVID-19,data/raw/images/recovery/892.jpg,1,recovery
View from the front lines: The lives impacted by coronavirus in New York City,data/raw/images/recovery/893.jpg,1,recovery
Apple s supply chain is making safety changes to protect workers in response to the pandemic,data/raw/images/recovery/894.jpg,1,recovery
"As investors ditch foreign ETFs for U.S. funds, there s a big contrarian call in play, says issuer",data/raw/images/recovery/895.jpg,1,recovery
Navy sailors cleared to return to USS Theodore Roosevelt test positive for COVID-19 in latest sign of trouble,data/raw/images/recovery/896.jpg,1,recovery
Everything you need to know about a second round of coronavirus stimulus checks,data/raw/images/recovery/897.jpg,1,recovery
Dear Abby: My kids can t visit grandparents who flout COVID-19 rules,data/raw/images/recovery/898.jpg,1,recovery
Frozen musical on Broadway won t reopen when theaters get back on track,data/raw/images/recovery/899.jpg,1,recovery
"People are furious at restaurants adding COVID-19 surcharges, as food prices skyrocket and businesses struggle",data/raw/images/recovery/900.jpg,1,recovery
Ousted virus expert Rick Bright warns of darkest winter in modern history,data/raw/images/recovery/901.jpg,1,recovery
The reason there s still a pasta shortage.,data/raw/images/recovery/902.jpg,1,recovery
Fauci s Song and Dance,data/raw/images/recovery/nan,0,recovery
Bird-watching in quarantine: Here are 5 birds to keep an eye out for,data/raw/images/recovery/904.jpg,1,recovery
NWO Acolyte Melinda Gates Appears on Today Show Pushing Hard for a Global Vaccine While Wearing an Upside-Down Cross,data/raw/images/recovery/nan,0,recovery
India Likely to Be Production Hub of Future Covid-19 Vaccine - Research Institute Head,data/raw/images/recovery/nan,0,recovery
New Bill (H.R. [YEAR] ) Could Cement In Place the COVID-19 Medical Police State - Stand To Oppose Now,data/raw/images/recovery/907.jpg,0,recovery
Reports about low coronavirus deaths in Russia are not true,data/raw/images/recovery/908.jpg,0,recovery
Bulgaria s Ex-Deputy PM: F-16 Warranty Shorter Than for EU Electrical Appliances,data/raw/images/recovery/nan,0,recovery
Melatonin Could Possibly Play An Immune Modulating Role Against COVID-19,data/raw/images/recovery/nan,0,recovery
The Danger of Letting Lab Coats Run the World,data/raw/images/recovery/nan,0,recovery
COVID-19 is forcing the release of some inmates. What will prisons look like after pandemic,data/raw/images/recovery/912.jpg,1,recovery
Mourinho Desperate for Premier League to Restart,data/raw/images/recovery/nan,0,recovery
FTC Shuts Down Dr. Brownstein s Blog for Explaining How He was Curing COVID-19 Patients,data/raw/images/recovery/914.jpg,0,recovery
Calls To Helplines In America Increase Dramatically,data/raw/images/recovery/nan,0,recovery
Putin s official spokesman says how Covid-19 is eating his lungs,data/raw/images/recovery/916.jpg,0,recovery
"Our Economic System Fuels Outbreaks, Says Evolutionary Epidemiologist Who Predicted the Pandemic",data/raw/images/recovery/nan,0,recovery
FedEx is so slammed with online orders that it s reportedly capping shipments from major retailers like Nordstrom and Hobby Lobby,data/raw/images/recovery/918.jpg,1,recovery
US Postal Service delays next-generation mail truck program due to pandemic,data/raw/images/recovery/919.jpg,1,recovery
We have no idea when this will end. That makes it more stressful.,data/raw/images/recovery/920.jpg,1,recovery
10 companies boosting benefits so employees don t feel isolated or lonely in the middle of the coronavirus crisis,data/raw/images/recovery/921.jpg,1,recovery
"Nearly 3 million Americans file for unemployment, bringing total to over 36 million",data/raw/images/recovery/922.jpg,1,recovery
US and British fighter pilots teamed up for their first Point Blank exercise amid coronavirus,data/raw/images/recovery/923.jpg,1,recovery
Momofuku s CEO says the coronavirus pandemic revealed the restaurant-industry practices that were barely tenable in the first place,data/raw/images/recovery/924.jpg,1,recovery
"Cook County surpasses Queens, NY, as county with most COVID-19 cases in U.S.",data/raw/images/recovery/925.jpg,1,recovery
"Grants arrive for nearly 1,000 Chicago microbusinesses",data/raw/images/recovery/926.jpg,1,recovery
"RWE confirms earnings forecast, hails good start to the year despite the coronavirus",data/raw/images/recovery/927.jpg,1,recovery
A metrics-obsessed White House struggles to define success on coronavirus,data/raw/images/recovery/928.jpg,1,recovery
Ray Dalio on Covid-19 effect: We ll reconsider how to divide the pie and there are reasons it won t be good for capitalists,data/raw/images/recovery/929.jpg,1,recovery
Fact-check: Downstate congressman s claim about Chicago s share of Illinois COVID-19 cases is 100% wrong,data/raw/images/recovery/930.jpg,1,recovery
"How the coronavirus will change vacations forever, according to 10 travel industry leaders",data/raw/images/recovery/931.jpg,1,recovery
Trump s lifelong devotion to cronyism is getting people killed,data/raw/images/recovery/932.jpg,1,recovery
"Air travel won t return to pre-crisis levels until [YEAR] , IATA chief warns",data/raw/images/recovery/933.jpg,1,recovery
The coronavirus crisis in Iran has opened up an internal fight between the government and its Revolutionary Guard,data/raw/images/recovery/934.jpg,1,recovery
The coronavirus outbreak has triggered unprecedented mass layoffs and furloughs. Here are the major companies that have announced they are downsizing their workforces.,data/raw/images/recovery/935.jpg,1,recovery
My husband and I started couples therapy just before the COVID-19 outbreak here s why counseling is more important than ever if you re quarantined with your partner,data/raw/images/recovery/936.jpg,1,recovery
Business trips could become a thing of the past as the pandemic pushes CEOs to ask themselves what warrants a flight and what could ve been a Zoom call,data/raw/images/recovery/937.jpg,1,recovery
Clean energy job losses in the U.S. continue to climb as the coronavirus hits the sector hard,data/raw/images/recovery/938.jpg,1,recovery
Cook County COVID-19 response plan focuses on communities hit the hardest to ensure recovery will encompass everyone,data/raw/images/recovery/939.jpg,1,recovery
Racial health disparities already existed in America the coronavirus just exacerbated them,data/raw/images/recovery/940.jpg,1,recovery
"Somehow rents went up in Manhattan in April, the deadliest month of the coronavirus pandemic. Here s what it means.",data/raw/images/recovery/941.jpg,1,recovery
Coronavirus death of 12-year-old prompts difficult questions,data/raw/images/recovery/942.jpg,1,recovery
COVID-19 test shortage forces Chicago area clinics to halt curbside testing,data/raw/images/recovery/943.jpg,1,recovery
"Pastors say churches offer balm to the suffering, want more people allowed in the pews",data/raw/images/recovery/944.jpg,1,recovery
Todd Ahlsten has dominated the market and his competitors for 2 decades. He lays out the 6 stock-picking decisions that reshaped his portfolio after the coronavirus meltdown.,data/raw/images/recovery/945.jpg,1,recovery
Some US schools are pulling the plug on distance learning,data/raw/images/recovery/946.jpg,1,recovery
"Abbott rapid COVID-19 test may yield false negatives, FDA warns",data/raw/images/recovery/947.jpg,1,recovery
A fund manager who s doubled his competitors returns for 15 years breaks down 2 stock picks for a market recovery including the US airline that may benefit most from the crisis,data/raw/images/recovery/948.jpg,1,recovery
"Chicago s G Herbo to deliver 20,000 protective masks to Cook County Jail",data/raw/images/recovery/949.jpg,1,recovery
"10 big money managers shared with us their favorite hidden gems in the market, and the contrarian trades they re making amid the pandemic",data/raw/images/recovery/950.jpg,1,recovery
Scottish secretary admits lockdown exit plan could have been clearer,data/raw/images/recovery/951.jpg,1,recovery
The hit to the US economy from the coronavirus could stick around for years after the pandemic is over,data/raw/images/recovery/952.jpg,1,recovery
"The poorest Americans are being hit the hardest by coronavirus-induced job losses, Fed survey shows",data/raw/images/recovery/953.jpg,1,recovery
138 more Illinois COVID-19 deaths; Chicago region hits benchmark for next reopening phase for now,data/raw/images/recovery/954.jpg,1,recovery
"With the focus on the coronavirus, Lightfoot opts for bare-bones capital plan",data/raw/images/recovery/955.jpg,1,recovery
Pritzker apologizes for saying MLB players shouldn t bargain,data/raw/images/recovery/956.jpg,1,recovery
WHO warns it could take up to 5 years before the coronavirus pandemic is under control,data/raw/images/recovery/957.jpg,1,recovery
Grandstanding by Grand Old Party Or is Pritzker masking his decisions,data/raw/images/recovery/958.jpg,1,recovery
Obama emerges as central figure in [YEAR] presidential race,data/raw/images/recovery/959.jpg,1,recovery
How New Zealand beat the coronavirus,data/raw/images/recovery/960.jpg,1,recovery
"Mitch McConnell railed against House Democrats plan to send 1,200 stimulus checks to immigrants left out of initial wave of federal payments",data/raw/images/recovery/961.jpg,1,recovery
COVID-19 scales back youth sports. That s a win for many kids,data/raw/images/recovery/962.jpg,1,recovery
Sen. Durbin hits the frontline of the county s battle against COVID-19,data/raw/images/recovery/963.jpg,1,recovery
5 people who recovered from the coronavirus share what they wish they d known before getting sick,data/raw/images/recovery/964.jpg,1,recovery
"One in 4 people who died of COVID-19 in English hospitals had diabetes, NHS data finds",data/raw/images/recovery/965.jpg,1,recovery
"Pepsi s CMO reveals how the company is shaking up its advertising, demanding more flexibility from its agencies, and prioritizing e-commerce and data amid the pandemic",data/raw/images/recovery/966.jpg,1,recovery
Coronavirus exposed the failures of America s employer-based health insurance system,data/raw/images/recovery/967.jpg,1,recovery
An HIV-fighting strategy might help against COVID-19,data/raw/images/recovery/968.jpg,1,recovery
"Experts share the top 3 ways to speed up testing a coronavirus vaccine, including intentionally exposing people to the virus",data/raw/images/recovery/969.jpg,1,recovery
Fitbit is reportedly planning to build ventilators to help treat COVID-19 patients,data/raw/images/recovery/970.jpg,1,recovery
The CDC is warning doctors about the mysterious inflammation disease found in children and linked to COVID-19,data/raw/images/recovery/971.jpg,1,recovery
A health clinic company that helped essential businesses stay open during the pandemic shares a 27-page playbook for bringing workers back to the office,data/raw/images/recovery/972.jpg,1,recovery
A Khosla-backed healthcare startup led by a former 23andMe exec just won a crucial approval that lets doctors use its AI tech to diagnose coronavirus-related heart problems,data/raw/images/recovery/973.jpg,1,recovery
Plant-based meat sales in the US are up 264 percent since March,data/raw/images/recovery/974.jpg,1,recovery
An American couple is stuck in Kuwait under 24-hour curfew and isn t allowed to grocery shop. The US embassy hasn t been helpful.,data/raw/images/recovery/975.jpg,1,recovery
Newly reopened South Florida seen as an emerging coronavirus hot spot,data/raw/images/recovery/976.jpg,1,recovery
"From Brazil to China, how the rest of the world is trying to reopen their economies",data/raw/images/recovery/977.jpg,1,recovery
"Trump sets goal of coronavirus vaccine by year s end, but vaccine or no vaccine, we re back",data/raw/images/recovery/978.jpg,1,recovery
Top biotech analysts interviewed infectious disease and public health experts about reopening the US. Here are the 5 things they re most worried about.,data/raw/images/recovery/979.jpg,1,recovery
Americans calling for herd immunity should look at Sweden s coronavirus experiment to see why it won t work,data/raw/images/recovery/980.jpg,1,recovery
California governor proposes closing 2 prisons in response to COVID-19,data/raw/images/recovery/981.jpg,1,recovery
The coronavirus pandemic in 27 charts and maps,data/raw/images/recovery/982.jpg,1,recovery
Not even a coronavirus pandemic can stop greed in sports,data/raw/images/recovery/983.jpg,1,recovery
Trump still confident in Abbott Labs rapid COVID-19 test despite false negatives,data/raw/images/recovery/984.jpg,1,recovery
Democrats Say The Worst Of The Coronavirus Is Yet To Come. Republicans Say The Worst Is Over.,data/raw/images/recovery/985.jpg,1,recovery
"Microsoft is teaming up with a 5 billion Seattle biotech to unravel the mystery of how the immune system responds to the coronavirus, and it could help with vaccine development",data/raw/images/recovery/986.jpg,1,recovery
"Matt Nagy embraces offseason silver linings, wrestles with unknown",data/raw/images/recovery/987.jpg,1,recovery
The White House is testing its staff for coronavirus using a device that often gives false negatives,data/raw/images/recovery/988.jpg,1,recovery
Washington state is requiring restaurants to keep a list of all their customers to trace infections if they want to reopen,data/raw/images/recovery/989.jpg,1,recovery
51 Ukrainian babies born to surrogate mothers are stranded at a hotel in Kiev because their adoptive parents can t cross the border,data/raw/images/recovery/990.jpg,1,recovery
A 12-year-old girl survived a heart attack after contracting the coronavirus and a rare inflammatory syndrome linked to the virus,data/raw/images/recovery/991.jpg,1,recovery
Coronavirus puts the future of college and colleges in limbo,data/raw/images/recovery/992.jpg,1,recovery
"The CDC now forecasts 100,000 US coronavirus deaths by June 1",data/raw/images/recovery/993.jpg,1,recovery
"COVID-19 Q A: As businesses reopen amid coronavirus, what are workers rights",data/raw/images/recovery/994.jpg,1,recovery
I started my dream internship just as the coronavirus shut down the country. Here are 8 tips I learned about how new interns can make it through the crisis in one piece.,data/raw/images/recovery/995.jpg,1,recovery
4 ways offices will have to change when they reopen to avoid contagion and a second round of lockdowns,data/raw/images/recovery/996.jpg,1,recovery
Ask a Manager s Alison Green on what to do if your company or boss isn t taking the coronavirus seriously,data/raw/images/recovery/997.jpg,1,recovery
Business owners in Georgia are divided on whether they should actually reopen,data/raw/images/recovery/998.jpg,1,recovery
"The operator of popular NYC eateries including the Gramercy Tavern says restaurants likely won t open until there s a COVID-19 vaccine. That ll be in January at the earliest, medical experts say.",data/raw/images/recovery/999.jpg,1,recovery
"Here are the states reopening their beaches, beauty salons, and bowling alleys, from Florida to Alaska",data/raw/images/recovery/1000.jpg,1,recovery
This is it for me and my children : 3 coronavirus patients share their stories from quarantine,data/raw/images/recovery/1001.jpg,1,recovery
Everyone is dealing with the coronavirus pandemic as best they can,data/raw/images/recovery/1002.jpg,1,recovery
Texas has relaxed its coronavirus restrictions even as new infections are on the rise,data/raw/images/recovery/1003.jpg,1,recovery
Watch truck drivers interrupt Trump s press conference on a coronavirus vaccine with loud honking he called a sign of love,data/raw/images/recovery/1004.jpg,1,recovery
"I m a New York bride who had to cancel her wedding 6 days before it was supposed to happen. We ve rescheduled, but the financial and emotional stress hasn t gone away.",data/raw/images/recovery/1005.jpg,1,recovery
Woman claiming to have COVID-19 spits in nurse s face in Aurora: police,data/raw/images/recovery/1006.jpg,1,recovery
Oklahoma nail salon worker contracted the coronavirus shortly after the business reopened,data/raw/images/recovery/1007.jpg,1,recovery
Sanofi walked back a promise to give the US priority access to its coronavirus vaccine after outrage from the French government,data/raw/images/recovery/1008.jpg,1,recovery
"Chicago outdoors and coronavirus: Illinois quickies, Wisconsin reminder, Indiana notes",data/raw/images/recovery/1009.jpg,1,recovery
Trump downplays the need for coronavirus vaccine: It ll go away at some point,data/raw/images/recovery/1010.jpg,1,recovery
What s fueling Korea s coronavirus success and relapse,data/raw/images/recovery/1011.jpg,1,recovery
Coronavirus government response updates: Trump names leaders of Operation Warp Speed to fast-track vaccine development,data/raw/images/recovery/1012.jpg,1,recovery
Biden s campaign counts on Trump s unpopularity amid COVID-19 crisis,data/raw/images/recovery/1013.jpg,1,recovery
The Horror of the Coronavirus Data Lag,data/raw/images/recovery/1014.jpg,1,recovery
Family of Amazon employee who died of COVID-19: We want answers,data/raw/images/recovery/1015.jpg,1,recovery
First-person thoughts in a storm,data/raw/images/recovery/1016.jpg,1,recovery
Lightfoot s helluva first year culminates in pandemic that will define her tenure,data/raw/images/recovery/1017.jpg,1,recovery
Face off on masks looming in Springfield Two downstate Republicans balk at COVID-19 precautions,data/raw/images/recovery/1018.jpg,1,recovery
"Hold the pickle, not the license State to offer drive-thru service to renew license plate stickers",data/raw/images/recovery/1019.jpg,1,recovery
"After battling COVID-19, survivors may have to fight big medical bills",data/raw/images/recovery/1020.jpg,1,recovery
"48,000 Yemeni women could die giving birth as UN starts shutting down maternity services due to funding gap",data/raw/images/recovery/1021.jpg,1,recovery
House passes 3 trillion COVID-19 relief bill,data/raw/images/recovery/1022.jpg,1,recovery
Payne: Cruisin away the COVID-19 blues on Woodward and beyond,data/raw/images/recovery/1023.jpg,1,recovery
7 fast-food items that face an uncertain future due to the coronavirus pandemic,data/raw/images/recovery/1024.jpg,1,recovery
Lockdown extended for most of coronavirus-battered New York,data/raw/images/recovery/1025.jpg,1,recovery
"The 118-year-old JCPenney has filed for bankruptcy and plans to close some stores, the latest retailer forced into Chapter 11 by pressure from the pandemic",data/raw/images/recovery/1026.jpg,1,recovery
YouTube and Instagram influencers share their playbooks for making money despite the ad downturn,data/raw/images/recovery/1027.jpg,1,recovery
"Batteries fading, rodents ruining engines as cars are left neglected during coronavirus",data/raw/images/recovery/1028.jpg,1,recovery
Jack Dorsey just unveiled where he s donated more than 87 million of his pledged 1 billion towards COVID-19 relief,data/raw/images/recovery/1029.jpg,1,recovery
Why unemployment fueled by pandemic is hitting women harder than men,data/raw/images/recovery/1030.jpg,1,recovery
Judge denies R. Kelly s request to be released from jail amid coronavirus,data/raw/images/recovery/1031.jpg,1,recovery
Russia slams The New York Times and Financial Times over coronavirus death toll reports,data/raw/images/recovery/1032.jpg,1,recovery
What is a coronavirus super-spreading event,data/raw/images/recovery/1033.jpg,1,recovery
Coronavirus flare-ups in China and South Korea prompt new fears of a 2nd wave,data/raw/images/recovery/1034.jpg,1,recovery
Tanglewood Has Canceled Its [YEAR] Live Season,data/raw/images/recovery/1035.jpg,1,recovery
"Coronavirus may never go away, World Health Organization warns",data/raw/images/recovery/1036.jpg,1,recovery
New York barber who defied stay-at-home orders and continued to illicitly cut hair tests positive for coronavirus,data/raw/images/recovery/1037.jpg,1,recovery
"Here s which real-estate tech startups will soar and which will flop in the new normal of how we occupy space, according to 7 top proptech VCs",data/raw/images/recovery/1038.jpg,1,recovery
COVID-19 uncertainty in Mexico complicates auto industry restart,data/raw/images/recovery/1039.jpg,1,recovery
J.C. Penney files for bankruptcy protection,data/raw/images/recovery/1040.jpg,1,recovery
"How an error in US jobless claims inflated one state s numbers by nearly 270,000 an accidental tenfold increase",data/raw/images/recovery/1041.jpg,1,recovery
"With over 200 possible cases, doctors warn reports of rare, coronavirus-linked child inflammatory illness likely to rise",data/raw/images/recovery/1042.jpg,1,recovery
Disney s Frozen on Broadway to permanently close due to COVID-19 pandemic,data/raw/images/recovery/1043.jpg,1,recovery
The future of bars and nightlife after COVID-19,data/raw/images/recovery/1044.jpg,1,recovery
Us Vs. Them In A Pandemic: Researchers Warn Divisions Could Get Dangerous,data/raw/images/recovery/1045.jpg,1,recovery
Housing advocates breathe sigh of relief after California s coronavirus budget cuts,data/raw/images/recovery/1046.jpg,1,recovery
Here s How Much Congress Has Approved For Coronavirus Relief So Far And What It s For,data/raw/images/recovery/1047.jpg,1,recovery
29 banks that may help with your mortgage payments during the COVID-19 outbreak,data/raw/images/recovery/1048.jpg,1,recovery
"Coronavirus now in 100 Illinois counties as state tops 4K deaths, 90K cases",data/raw/images/recovery/1049.jpg,1,recovery
Why the Bronx has almost double the coronavirus cases as Manhattan,data/raw/images/recovery/1050.jpg,1,recovery
"True claim: Phone calls offering coronavirus test kits and asking for social security numbers come from scammers, not the Center for Medicare and Medicaid Services",data/raw/images/recovery/1051.jpg,1,recovery
"ICE is seeking to deport these migrant girls during the pandemic, alarming advocates",data/raw/images/recovery/1052.jpg,1,recovery
Why the Coronavirus Hits Kids and Adults So Differently,data/raw/images/recovery/1053.jpg,1,recovery
When and where you can see Navy Blue Angels and Air Force Thunderbirds flying to honor COVID-19 responders,data/raw/images/recovery/1054.jpg,1,recovery
Democrats push new 3 trillion coronavirus relief bill through House,data/raw/images/recovery/1055.jpg,1,recovery
"Illinois nears 2,000 nursing home deaths as coronavirus continues to spread",data/raw/images/recovery/1056.jpg,1,recovery
Whistleblower says White House focused on containing coronavirus rather than preparing for outbreak,data/raw/images/recovery/1057.jpg,1,recovery
Bioluminescent glow in ocean draws visitors and more police to Southern California beaches,data/raw/images/recovery/1058.jpg,1,recovery
My son is in danger : Fear mounts over largest coronavirus outbreak in ICE detention,data/raw/images/recovery/1059.jpg,1,recovery
"What parents should know about the mysterious illness appearing in kids, according to doctors",data/raw/images/recovery/1060.jpg,1,recovery
6 more Chicago Police Department employees test positive for COVID-19,data/raw/images/recovery/1061.jpg,1,recovery
Corrupt ex-Ald. Ambrosio Medrano released from prison over coronavirus concerns,data/raw/images/recovery/1062.jpg,1,recovery
7 more workers at Juvenile Detention Center contract COVID-19,data/raw/images/recovery/1063.jpg,1,recovery
Stories from Six Feet documents search for connection in isolation,data/raw/images/recovery/1064.jpg,1,recovery
"FDA digging into data suggesting Abbott coronavirus test inaccuracies, but still recommends use, commissioner says",data/raw/images/recovery/1065.jpg,1,recovery
"Alexandria Ocasio-Cortez poked fun at Bill Gates plan to boost billionaires coronavirus donations, suggesting they pay their taxes",data/raw/images/recovery/1066.jpg,1,recovery
False claim: Family of COVID-19 victim broke into morgue to find her still breathing inside body bag,data/raw/images/recovery/1067.jpg,1,recovery
Trump announces top officials for Operation Warp Speed for coronavirus vaccine development,data/raw/images/recovery/1068.jpg,1,recovery
Mitch McConnell admits he was wrong to claim Obama didn t leave behind a pandemic plan,data/raw/images/recovery/1069.jpg,1,recovery
A Joffrey workout: 3 dancers suggest exercises to tone muscles at home,data/raw/images/recovery/1070.jpg,1,recovery
Coronavirus contact tracers nemeses: People who don t answer their phones,data/raw/images/recovery/1071.jpg,1,recovery
Abortion funds see an increase in calls during the coronavirus pandemic,data/raw/images/recovery/1072.jpg,1,recovery
Face masks Gloves Appointments What gyms will look like amid COVID-19,data/raw/images/recovery/1073.jpg,1,recovery
Monkey trial of Oxford vaccine shows encouraging results,data/raw/images/recovery/1074.jpg,1,recovery
Coronavirus spreads exponentially in Qatar s labor camps,data/raw/images/recovery/1075.jpg,1,recovery
Coronavirus has changed online dating. Here s why some say that s a good thing,data/raw/images/recovery/1076.jpg,1,recovery
"US retail sales plunged an unprecedented [DECIMAL] % in April, roughly double the prior record",data/raw/images/recovery/1077.jpg,1,recovery
"The Drive-Thru: CEOs reveal how COVID-19 is changing business, inside the pandemic at McDonald s, and Amazon opens dark Whole Foods",data/raw/images/recovery/1078.jpg,1,recovery
Lightfoot warns religious leaders she is prepared to enforce stay-at-home order,data/raw/images/recovery/1079.jpg,1,recovery
How to have an election during COVID-19: Indiana ships PPE to begin process,data/raw/images/recovery/1080.jpg,1,recovery
House passes 3 trillion coronavirus relief bill dubbed HEROES Act,data/raw/images/recovery/1081.jpg,1,recovery
"Democrats just passed new coronavirus bailout that includes 500 billion to prevent teacher and firefighter layoffs, 1,200 checks for Americans, and a 25,000 pay boost for essential workers",data/raw/images/recovery/1082.jpg,1,recovery
Elon Musk s battle to reopen Tesla s Fremont plant may shape his legacy,data/raw/images/recovery/1083.jpg,1,recovery
The House voted to allow proxy voting in a historic first amid the coronavirus pandemic,data/raw/images/recovery/1084.jpg,1,recovery
"Companies are racing to bring new coronavirus antibody tests to the US. Here are the top tests ranked by accuracy, and where you can find them.",data/raw/images/recovery/1085.jpg,1,recovery
Criminals poised to take advantage of coronavirus crisis,data/raw/images/recovery/1086.jpg,1,recovery
"Kristof: America s true COVID-19 death toll already exceeds 100,000",data/raw/images/recovery/1087.jpg,1,recovery
"Scientists found an even closer match between the new coronavirus and a virus in bats more evidence that it jumped naturally, like other viruses",data/raw/images/recovery/1088.jpg,1,recovery
Here s how 3 women pivoted their small businesses during the coronavirus pandemic,data/raw/images/recovery/1089.jpg,1,recovery
My internship went remote due to the coronavirus pandemic here s what I learned from my virtual experience,data/raw/images/recovery/1090.jpg,1,recovery
Let s Weaponize Social Media Against COVID-19,data/raw/images/recovery/1091.jpg,1,recovery
"Even with Costco s new changes, shoppers say the 60 annual membership fee is still worth it here s why",data/raw/images/recovery/1092.jpg,1,recovery
WHO raises alert on mysterious inflammatory disease in children that may be linked to coronavirus,data/raw/images/recovery/1093.jpg,1,recovery
Slovenia becomes first European nation to declare an end to its coronavirus epidemic,data/raw/images/recovery/1094.jpg,1,recovery
"Growing tensions over China s handling of coronavirus could lead to a much worse trade war, investor says",data/raw/images/recovery/1095.jpg,1,recovery
What will hotel visits be like Here s your room-by-room look at the future,data/raw/images/recovery/1096.jpg,1,recovery
Unemployment ticks higher in China as coronavirus shock to economy persists,data/raw/images/recovery/1097.jpg,1,recovery
House Democrats pass 3 trillion coronavirus relief package,data/raw/images/recovery/1098.jpg,1,recovery
"Steve Coll, president of Columbia s Journalism School, on the pandemic and free speech.",data/raw/images/recovery/1099.jpg,1,recovery
Senate Democrats introduce bill to boost nonprofit workforce as coronavirus crushes resources,data/raw/images/recovery/1100.jpg,1,recovery
Opinion: Coronavirus radically alters doctor contact with patients,data/raw/images/recovery/1101.jpg,1,recovery
House aims to pass a 3 trillion coronavirus relief package Friday,data/raw/images/recovery/1102.jpg,1,recovery
Will COVID-19 Get Policymakers To Start Taking Loneliness Seriously,data/raw/images/recovery/nan,1,recovery
NYSE owner declines comment on coronavirus stock probe as CEO s wife Sen. Loeffler gives documents to Justice Department,data/raw/images/recovery/1104.jpg,1,recovery
People mostly staying home are still getting Covid-19 here s the problem and what to do about it,data/raw/images/recovery/1105.jpg,1,recovery
Coronavirus: the race for a COVID-19 vaccine.,data/raw/images/recovery/1106.jpg,1,recovery
Trump: Coronavirus testing may be overrated,data/raw/images/recovery/1107.jpg,1,recovery
Homeowners with mortgages from Fannie Mae and Freddie Mac now have another option to defer payments during COVID-19,data/raw/images/recovery/1108.jpg,1,recovery
"If you ve been financially impacted by the coronavirus, you may be able to pause payments on these 8 bills",data/raw/images/recovery/1109.jpg,1,recovery
34 banks offering payment assistance for customers impacted by the coronavirus,data/raw/images/recovery/1110.jpg,1,recovery
Europe s dirty (money) secret,data/raw/images/recovery/1111.jpg,1,recovery
"Power Line: How coronavirus will permanently change the future of energy, and why cheap oil is not all to blame for the decline of the US shale industry",data/raw/images/recovery/1112.jpg,1,recovery
"From stay-at-home dealmaking to virtual internships, here s how Wall Street is transforming",data/raw/images/recovery/1113.jpg,1,recovery
US industrial production tanks the most in 101 years amid factory lockdowns,data/raw/images/recovery/1114.jpg,1,recovery
Job openings in March fell to lowest level since [YEAR] in the earliest weeks of the coronavirus pandemic,data/raw/images/recovery/1115.jpg,1,recovery
Wall Street s most-photographed broker details his 47 days battling the coronavirus and transitioning to recovery: There is collateral damage,data/raw/images/recovery/1116.jpg,1,recovery
Study Finds That Cloth Masks Can Increase Healthcare Workers Risk of Infection,data/raw/images/recovery/nan,0,recovery
Newly Launched A4M COVID-19 Resource Hub,data/raw/images/recovery/nan,0,recovery
"US consumer confidence unexpectedly rose in May, boosted by coronavirus relief efforts",data/raw/images/recovery/1119.jpg,1,recovery
COVID-19 Insurance Coverage Changes,data/raw/images/recovery/nan,0,recovery
Police State Dry Run a Huge Success,data/raw/images/recovery/nan,0,recovery
Flattening the Curve or Flattening Trump,data/raw/images/recovery/nan,0,recovery
Censored Dr. Kaufman: They Want To Genetically Modify Us With COVID-19 Vaccine Loses his Job and Willing to go to Jail to Resist,data/raw/images/recovery/1123.jpg,0,recovery
Children Are At Risk For COVID-19,data/raw/images/recovery/nan,0,recovery
3 options for people struggling to pay their mortgage during the global health crisis,data/raw/images/recovery/1125.jpg,1,recovery
"Coronavirus live blog, May 15, [YEAR] : DePaul, Loyola releases plans for fall semester",data/raw/images/recovery/1126.jpg,1,recovery
I see a danger in returning to a pre-Roe world: Abortion advocates view coronavirus-era restrictions as a dark sign of what could come,data/raw/images/recovery/1127.jpg,1,recovery
How McDonald s dine-in experience will change due to coronavirus,data/raw/images/recovery/1128.jpg,1,recovery
"What s the first meal you ll want at a restaurant post-pandemic We asked, Chicagoans answered.",data/raw/images/recovery/1129.jpg,1,recovery
No Blue State Bailouts: Hold Democrats Accountable for Democrats Policies,data/raw/images/recovery/nan,0,recovery
Starbucks is asking landlords for a break on rent,data/raw/images/recovery/1131.jpg,1,recovery
Messi: Quique Setien Misunderstood My Remark About Barca Being Unable to Win Champions League,data/raw/images/recovery/nan,0,recovery
Premier League Restart in Peril as Coronavirus Testing kit Arrival Delayed,data/raw/images/recovery/nan,0,recovery
AFRICOM: No Pause in Fighting Al-Shabaab Despite 5-Week Halt in Somalia Airstrikes,data/raw/images/recovery/nan,0,recovery
Did We Give Informed Consent,data/raw/images/recovery/nan,0,recovery
Secret Unit in UK Foreign Office Working With Venezuelan Coup Plotters Exposed by Indy Journalist,data/raw/images/recovery/nan,0,recovery
,data/raw/images/recovery/nan,0,recovery
Now Boris Beat Obesity,data/raw/images/recovery/nan,0,recovery
Andrew Cuomo in All His Ugliness,data/raw/images/recovery/nan,0,recovery
Dr. Blaylock: Face Masks Pose Serious Risks to the Healthy,data/raw/images/recovery/1140.jpg,0,recovery
Can America Bounce Back,data/raw/images/recovery/nan,0,recovery
"Patel s Social Distancing is Here to Stay Warning Presents Inhumane, Nightmare Vision of Future",data/raw/images/recovery/nan,0,recovery
"In Honor of the Class of [YEAR] , Some Scalding Coffee",data/raw/images/recovery/nan,0,recovery
Fox News coronavirus coverage dropped by 20% as the network shifted to Obamagate and hosts focused on anti-lockdown stories,data/raw/images/recovery/1144.jpg,1,recovery
Faces of the coronavirus pandemic: Remembering those who died,data/raw/images/recovery/1145.jpg,1,recovery
Coronavirus: New stories to read about the pandemic,data/raw/images/recovery/1146.jpg,1,recovery
"China confirms US accusations that it destroyed early samples of the novel coronavirus, but says it was done for biosafety reasons",data/raw/images/recovery/1147.jpg,1,recovery
"Coronavirus live updates: US death toll approaching 90,000",data/raw/images/recovery/1148.jpg,1,recovery
Italy announces plans to lift travel restrictions as infection rate falls,data/raw/images/recovery/1149.jpg,1,recovery
German soccer s Bundesliga gets underway after coronavirus shutdown with noticeable changes,data/raw/images/recovery/1150.jpg,1,recovery
I sent masks to health workers but the Trump administration seized them instead of helping,data/raw/images/recovery/nan,1,recovery
WHO urges medical workers to report cases of the mysterious inflammation disease that s affecting children and appears linked to coronavirus,data/raw/images/recovery/1152.jpg,1,recovery
Eurovision Song Contest To Shine A Light With Pandemic Special,data/raw/images/recovery/1153.jpg,1,recovery
"LIVE UPDATES: Amazon hands out Thank you t-shirts after it cuts hazard pay, how Germany contained the coronavirus",data/raw/images/recovery/1154.jpg,1,recovery
These plexiglass boxes from an Italian designer might be the way to reopen beaches safely here s what they look like,data/raw/images/recovery/1155.jpg,1,recovery
"These 7 economic signals flashed red this week, showing the continued damage being inflicted by coronavirus",data/raw/images/recovery/1156.jpg,1,recovery
Texas coronavirus cases tick higher as state forges ahead with reopening,data/raw/images/recovery/1157.jpg,1,recovery
Bike Sales Gear Up As The Homebound Try Socially Distant Exercise,data/raw/images/recovery/1158.jpg,1,recovery
Obama criticizes coronavirus response leaders aren t even pretending to be in charge,data/raw/images/recovery/1159.jpg,1,recovery
"Meet the bankers, traders, and lawyers set for big paydays from a wave of corporate distress and bankruptcies",data/raw/images/recovery/1160.jpg,1,recovery
The Trump Campaign Brings Its Angry Tone to the Coronavirus Era,data/raw/images/recovery/1161.jpg,1,recovery
Is COVID-19 delaying the fight for voting rights in Florida,data/raw/images/recovery/1162.jpg,1,recovery
Many Americans are unaware of the coronavirus-related financial assistance that s available to them,data/raw/images/recovery/1163.jpg,1,recovery
Democrats push new 3T coronavirus relief bill through House,data/raw/images/recovery/1164.jpg,1,recovery
"GOP Officials Say They re Expecting 50,000 In Charlotte For Republican Convention",data/raw/images/recovery/1165.jpg,1,recovery
The Riddle of Solitude in the Age of the Coronavirus,data/raw/images/recovery/1166.jpg,1,recovery
Veterans See Caregivers As Even More Crucial In The COVID-19 Era,data/raw/images/recovery/1167.jpg,1,recovery
"Privacy, security concerns as India forces virus-tracing app on millions",data/raw/images/recovery/1168.jpg,1,recovery
My great-grandfather s letters from Camp Funston show the origins of the [YEAR] flu pandemic in real time.,data/raw/images/recovery/1169.jpg,1,recovery
Is This Taiwan s Moment,data/raw/images/recovery/1170.jpg,1,recovery
World s cartoonists on this week s events,data/raw/images/recovery/1171.jpg,1,recovery
Sanitation workers battle higher waste levels in residential areas as coronavirus outbreak persists,data/raw/images/recovery/1172.jpg,1,recovery
How Amazon tried to get shoppers to buy less so it wouldn t get overwhelmed in early days of coronavirus crisis,data/raw/images/recovery/1173.jpg,1,recovery
Obama hits U.S. virus response; Italy plans to roll back lockdown measures,data/raw/images/recovery/1174.jpg,1,recovery
How Brazil went from carnival floats to mass graves. Photos show what it s like in the world s latest coronavirus hotspot.,data/raw/images/recovery/1175.jpg,1,recovery
"Coronavirus nearly took this young Bronx man s life, now the shutdown threatens his livelihood",data/raw/images/recovery/1176.jpg,1,recovery
74 more coronavirus deaths announced as protesters rally again for Pritzker to reopen Illinois,data/raw/images/recovery/1177.jpg,1,recovery
"Coronavirus live blog, May 16, [YEAR] : Obama criticizes U.S. leaders virus response in online graduation speech",data/raw/images/recovery/1178.jpg,1,recovery
"Last fans standing: Recounting the Sharks-Blackhawks game on March 11, the last game in town before sports shut down",data/raw/images/recovery/1179.jpg,1,recovery
"Some rising lawyers are getting paid 3,600 a week to do nothing this summer as the coronavirus cripples associate programs",data/raw/images/recovery/1180.jpg,1,recovery
20 US cities with great jobs and smaller crowds that could bounce back quickly after the coronavirus pandemic,data/raw/images/recovery/1181.jpg,1,recovery
"If you re ordering groceries to be delivered, these are 12 rules you should follow",data/raw/images/recovery/1182.jpg,1,recovery
"Never in my lifetime : Louis Borders has founded 2 multi-million-dollar companies over the last 50 years, but he says the downturn has created a completely new world for startups",data/raw/images/recovery/1183.jpg,1,recovery
"Steady decrease in coronavirus cases at Cook County Jail, officials say",data/raw/images/recovery/1184.jpg,1,recovery
Everyone has a story : How will world remember pandemic,data/raw/images/recovery/1185.jpg,1,recovery
Polling Place: How good a watch will the NFL be if there aren t any fans in the seats,data/raw/images/recovery/1186.jpg,1,recovery
"Trump pushes warp speed effort on coronavirus vaccine, ignoring lessons from a long-ago drug calamity",data/raw/images/recovery/1187.jpg,1,recovery
"Tight on cash, but want cool tech Consider these five sub- 100 gadgets",data/raw/images/recovery/1188.jpg,1,recovery
Sports world returns amid coronavirus pandemic,data/raw/images/recovery/1189.jpg,1,recovery
"As meat-processing factories struggle to reopen, govt. documents warn of shortages",data/raw/images/recovery/1190.jpg,1,recovery
"With COVID-19, concert industry from artists to tour managers forced to rethink live shows, music production",data/raw/images/recovery/1191.jpg,1,recovery
11 questions to ask your lender when deferring mortgage payments during the coronavirus,data/raw/images/recovery/1192.jpg,1,recovery
"With quarantine baking on the rise, flour mills barely have enough bags to package flour with",data/raw/images/recovery/1193.jpg,1,recovery
Burundi defies COVID-19 for election ending a bloody rule,data/raw/images/recovery/1194.jpg,1,recovery
A barber who defied New York s stay-at-home order to give haircuts tested positive for COVID-19,data/raw/images/recovery/1195.jpg,1,recovery
"A controversial study on coronavirus was partly funded by an airline founder who s criticized lockdowns, according to a new investigation from BuzzFeed News",data/raw/images/recovery/1196.jpg,1,recovery
Coronavirus masks a boon for crooks who hide their faces,data/raw/images/recovery/1197.jpg,1,recovery
"The UK is set to have at least 95,000 tonnes of unwanted potatoes after the coronavirus lockdown closed fish and chip shops",data/raw/images/recovery/1198.jpg,1,recovery
"In a first, Manhattan s district attorney drops high-profile tainted case over coronavirus concerns",data/raw/images/recovery/1199.jpg,1,recovery
We have a depression on our hands : The CIO of a bearish 150 million fund says the market will grind to new lows after the current bounce is over and warns a lot more pain is still to come,data/raw/images/recovery/1200.jpg,1,recovery
Obama criticizes U.S. leaders virus response in online graduation speech,data/raw/images/recovery/1201.jpg,1,recovery
NYC nurse: COVID-19 s lasting impact on healthcare workers,data/raw/images/recovery/1202.jpg,1,recovery
"Sleepaway camps have the potential to create a protective bubble, says former FDA Commissioner Scott Gottlieb",data/raw/images/recovery/1203.jpg,1,recovery
"How the founders of a Bronx food market are engaging 24,000 followers on Instagram and email while making a detailed plan to reopen the weekend everyone is able to socialize again",data/raw/images/recovery/1204.jpg,1,recovery
"How the coronavirus will permanently change business travel, according to 17 top executives",data/raw/images/recovery/1205.jpg,1,recovery
Bittersweet e-ceremony for UIC grad: I didn t really get to say goodbye,data/raw/images/recovery/1206.jpg,1,recovery
"Ford, via hospital contracts, will test employees with coronavirus symptoms",data/raw/images/recovery/1207.jpg,1,recovery
USS Theodore Roosevelt sailor comes down with tuberculosis as other sailors on the ship retest positive for COVID-19,data/raw/images/recovery/1208.jpg,1,recovery
The FDA ordered an at-home coronavirus testing program funded by Bill Gates to stop testing until the agency gives approval,data/raw/images/recovery/1209.jpg,1,recovery
No place on Earth is anywhere close to herd immunity for the coronavirus,data/raw/images/recovery/1210.jpg,1,recovery
The remote-work boom born from the COVID-19 lockdown has prompted some tech workers to reconsider living in the Bay Area. The region s rivals see it as a growth opportunity.,data/raw/images/recovery/1211.jpg,1,recovery
Researchers try combining remdesivir with a second drug to deliver a one-two punch to virus,data/raw/images/recovery/1212.jpg,1,recovery
"There are 2 coronavirus tests available for companies to use on employees, but they have issues like high false negative rates. A leading epidemiologist explains the right way to use them.",data/raw/images/recovery/1213.jpg,1,recovery
How the pandemic may change the way we grocery shop,data/raw/images/recovery/1214.jpg,1,recovery
Food delivery driver on self-isolating from her kids to work during COVID-19 pandemic,data/raw/images/recovery/1215.jpg,1,recovery
Germany is reopening with one of the lowest death rates in the world. Here s how it barely missed a trick as it fought the coronavirus.,data/raw/images/recovery/1216.jpg,1,recovery
"For millions of Americans, the coronavirus pandemic will make retiring harder",data/raw/images/recovery/1217.jpg,1,recovery
Weed sales are skyrocketing. Check out what it s like to get it delivered to your door during the pandemic.,data/raw/images/recovery/1218.jpg,1,recovery
Retailers in the UK should adjust to these 3 realities before reopening their stores post lockdown,data/raw/images/recovery/1219.jpg,1,recovery
"Coronavirus deaths in Italy and US could be up to double the official counts, new research shows",data/raw/images/recovery/1220.jpg,1,recovery
Know the risks: Where you are most likely to get coronavirus,data/raw/images/recovery/1221.jpg,1,recovery
"Texas COVID-19 cases rise, governor s office says more testing being done",data/raw/images/recovery/1222.jpg,1,recovery
"COVID-19 s hidden victims, Alzheimer s patients in nursing homes",data/raw/images/recovery/1223.jpg,1,recovery
"Retailers with limited or no online offering such as TJ Maxx, Ross, and Dollar General are at risk of becoming irrelevant in a post-pandemic world, analysts say",data/raw/images/recovery/1224.jpg,1,recovery
Charts show how new coronavirus cases are progressing daily in 20 states as a majority of the US starts to reopen,data/raw/images/recovery/1225.jpg,1,recovery
"3 clues in coronavirus patients blood could help doctors predict their risk of death 10 days in advance, with 90% accuracy",data/raw/images/recovery/1226.jpg,1,recovery
Feds warn of attacks related to bogus COVID-19 conspiracy theory,data/raw/images/recovery/1227.jpg,1,recovery
"The risk levels of everyday activities like dining out, going to the gym, and getting a haircut, according to an infectious disease expert",data/raw/images/recovery/1228.jpg,1,recovery
"Op-Ed: Amazon, it s time to disclose your coronavirus deaths",data/raw/images/recovery/1229.jpg,1,recovery
Local leaders weigh in on COVID uncertainty surrounding national conventions,data/raw/images/recovery/1230.jpg,1,recovery
Angel Soft executive: My own mother wanted to know if I had any toilet paper I could get her,data/raw/images/recovery/1231.jpg,1,recovery
"6,000 people on what they re comfortable doing in our new world: A Slate survey.",data/raw/images/recovery/1232.jpg,1,recovery
Where coronavirus isn t: What s kept cases officially at zero in these 200 counties,data/raw/images/recovery/1233.jpg,1,recovery
State and Federal Data on COVID-19 Testing Don t Match Up,data/raw/images/recovery/1234.jpg,1,recovery
Keystone pipeline project proceeds amidst COVID-19 pandemic,data/raw/images/recovery/1235.jpg,1,recovery
"The CDC let the country down with coronavirus testing, White House trade advisor Navarro says",data/raw/images/recovery/1236.jpg,1,recovery
"Senegal Pledges A Bed For Every Coronavirus Patient And Their Contacts, Too",data/raw/images/recovery/1237.jpg,1,recovery
A mother s COVID-19 children s book parodies go viral,data/raw/images/recovery/1238.jpg,1,recovery
Coronavirus: Ocean City boardwalk sees packed crowds as beach reopens,data/raw/images/recovery/1239.jpg,1,recovery
These 3 multimillion dollar megahomes hit the market in the middle of the pandemic here s why,data/raw/images/recovery/1240.jpg,1,recovery
Stuck at Home With My 20-Year-Old Daughter,data/raw/images/recovery/1241.jpg,1,recovery
Voter suppression and the impact of COVID-19 on people of color,data/raw/images/recovery/1242.jpg,1,recovery
"Aftershock: If coronavirus swells in a second wave later this year, will the nation be ready",data/raw/images/recovery/nan,1,recovery
Wisconsin s economy is reopening and it s a hot coronavirus mess. Don t do what we did.,data/raw/images/recovery/1244.jpg,1,recovery
Coronavirus May Mean Lights Out For Summer Camps This Year,data/raw/images/recovery/1245.jpg,1,recovery
Coronavirus could push Social Security to insolvency before [YEAR],data/raw/images/recovery/1246.jpg,1,recovery
"Post-coronavirus travel will be as enjoyable as open-heart surgery, Dubai Airports CEO says",data/raw/images/recovery/1247.jpg,1,recovery
Secret Service investigating a crime ring inundating unemployment offices with fake claims,data/raw/images/recovery/1248.jpg,1,recovery
Coronavirus child care crisis tops concerns as nation pushes to reopen. Parents ask: Who will watch our children,data/raw/images/recovery/1249.jpg,1,recovery
"Obama, Malala, Jonas Brothers Send Off Class Of [YEAR] In Virtual Graduation",data/raw/images/recovery/1250.jpg,1,recovery
"Coronavirus: Global death toll crosses 300,000 as reopening continues",data/raw/images/recovery/1251.jpg,1,recovery
"Eric Trump claims coronavirus is Democratic hoax, will magically vanish after [YEAR] election",data/raw/images/recovery/1252.jpg,1,recovery
Judge Denies Pharma Bro Shkreli Prison Release to Research Coronavirus Cure: Delusional,data/raw/images/recovery/1253.jpg,1,recovery
A Coronavirus Turf War in Klickitat County,data/raw/images/recovery/1254.jpg,1,recovery
"Donuts, hockey sticks, pool noodles: Social distance or invite Coronavirus The Sequel",data/raw/images/recovery/1255.jpg,1,recovery
I m grieving ceremonies lost to coronavirus as my son marks a milestone a continent away,data/raw/images/recovery/1256.jpg,1,recovery
We re About to Have the Longest Summer Vacation Ever. That s Going to Be a Problem.,data/raw/images/recovery/1257.jpg,1,recovery
Marathon racing brings big money to cities across America. Some events may not survive the pandemic,data/raw/images/recovery/1258.jpg,1,recovery
Obama jabs US response to coronavirus,data/raw/images/recovery/1259.jpg,1,recovery
"She Wasn t Alone, A Doctor Reflects On New York City s Coronavirus Peak",data/raw/images/recovery/1260.jpg,1,recovery
Boris Johnson: I understand the frustration of new coronavirus rules,data/raw/images/recovery/1261.jpg,1,recovery
India s Disaster Management Authority orders nationwide coronavirus lockdown extension to May 31,data/raw/images/recovery/1262.jpg,1,recovery
Colorado Department of Public Health Accused of Falsifying COVID-19 Death Numbers,data/raw/images/recovery/nan,0,recovery
"Be Like Mike Who d wanna be after watching sycophantic, nostalgia-porn Michael Jordan documentary The Last Dance...",data/raw/images/recovery/1264.jpg,0,recovery
Common Gastrointestinal Symptoms Of COVID-19,data/raw/images/recovery/nan,0,recovery
Unemployment Kills,data/raw/images/recovery/nan,0,recovery
"Liverpool s Mohamed Salah Rejected Real Madrid Offer, Egypt s Coach Reveals",data/raw/images/recovery/nan,0,recovery
Pharma Bro Martin Shkreli Denied Release From Prison To Research Coronavirus Cure,data/raw/images/recovery/1268.jpg,1,recovery
Nigeria Impounds Plane of UK Flair Aviation Over Coronavirus-Related Flights Ban Violation,data/raw/images/recovery/nan,0,recovery
Federalism s Latest Champion,data/raw/images/recovery/nan,0,recovery
"The 75-pages buried in Pelosi s 1,815-page Heroes Act that would keep Democrats in power forever",data/raw/images/recovery/nan,0,recovery
Dr. Kaufman is Censored and Lost His Job but He is Willing to Go to Jail to Resist: They Want To Genetically Modify Us With COVID-19 Vaccine,data/raw/images/recovery/nan,0,recovery
The psychological toll of uncertainty and not knowing what s coming next,data/raw/images/recovery/1273.jpg,1,recovery
"Coronavirus: Pro sports could return in California by June, Gov. Gavin Newsom says",data/raw/images/recovery/1274.jpg,1,recovery
Coronavirus: what Sen. Richard Burr allegedly did with his stocks.,data/raw/images/recovery/1275.jpg,1,recovery
"Coronavirus: Fremont neighborhood thanks postal, waste workers",data/raw/images/recovery/1276.jpg,1,recovery
Diamond Princess cruise ship leaves Japan months after coronavirus outbreak to get last of crew home,data/raw/images/recovery/1277.jpg,1,recovery
"Amid coronavirus, blanket legal immunity will prolong pandemic",data/raw/images/recovery/1278.jpg,1,recovery
Riot will host a 48-hour League of Legends stream for COVID-19 relief,data/raw/images/recovery/1279.jpg,1,recovery
Sweden won t dodge economic hit despite COVID-19 light touch,data/raw/images/recovery/1280.jpg,1,recovery
"A century after Prohibition, will the coronavirus finally end it We ll drink to that.",data/raw/images/recovery/1281.jpg,1,recovery
"From robots to 3D printing, how coronavirus can inspire waves of innovation",data/raw/images/recovery/1282.jpg,1,recovery
Our new small business report shows scope of COVID struggles and optimism: Sheryl Sandberg,data/raw/images/recovery/1283.jpg,1,recovery
3 reasons coronavirus testing is not a magic wand for businesses looking to reopen safely,data/raw/images/recovery/1284.jpg,1,recovery
Coronavirus lawsuits immunity for reopening businesses requires public health guidelines,data/raw/images/recovery/nan,1,recovery
"As flying returns, jetmakers seek to quell fears over cabin air",data/raw/images/recovery/1286.jpg,1,recovery
LAUSD superintendent says budget cuts could be just as real a threat as coronavirus,data/raw/images/recovery/1287.jpg,1,recovery
COVID-19 Will Change the Way We Eat,data/raw/images/recovery/nan,1,recovery
"When a coronavirus vaccine is developed, who will be first in line to get it A CDC panel usually decides",data/raw/images/recovery/1289.jpg,1,recovery
We Have No Idea How Many People in Prison Actually Have COVID-19,data/raw/images/recovery/1290.jpg,1,recovery
"Immunizing all companies from coronavirus lawsuits would hurt both workers, consumers",data/raw/images/recovery/nan,1,recovery
"Struggling with isolation Astronauts have been there, done that",data/raw/images/recovery/1292.jpg,1,recovery
The risks of getting it wrong are enormous. Tech-assisted COVID-19 tracking is having some issues.,data/raw/images/recovery/1293.jpg,1,recovery
"Apple is reopening some stores this week: Expect to wear a mask, have temperature checked",data/raw/images/recovery/1294.jpg,1,recovery
"After enduring ventilators, body aches, fever, coronavirus survivors say states shouldn t be reopening",data/raw/images/recovery/1295.jpg,1,recovery
"In Europe, they re burning witches again",data/raw/images/recovery/1296.jpg,1,recovery
India s capital reopens public transport as nearby Chinese-owned factory is hit by outbreak,data/raw/images/recovery/1297.jpg,1,recovery
Thai Airways to file for bankruptcy rehabilitation after coronavirus shutters Thailand tourism,data/raw/images/recovery/1298.jpg,1,recovery
Cash-strapped India s economic plan unlikely to soften coronavirus blow,data/raw/images/recovery/1299.jpg,1,recovery
Coronavirus: Hotels in Italy await tourists amid pandemic,data/raw/images/recovery/nan,1,recovery
No sunflower seeds Will MLB s 67-page safety and health protocol keep players safe,data/raw/images/recovery/1301.jpg,1,recovery
J.C. Penney says it plans to close nearly 29% of stores or 242 locations as part of its bankruptcy,data/raw/images/recovery/1302.jpg,1,recovery
"Hungary s rule by decree could end in June, PM s chief of staff says",data/raw/images/recovery/1303.jpg,1,recovery
"Trump projects a sense of normal, but West Wing has a ways to go",data/raw/images/recovery/1304.jpg,1,recovery
Coronavirus: Early vaccine trial shows promise,data/raw/images/recovery/1305.jpg,1,recovery
Coronavirus: How to transform your bedroom into a luxury hotel suite,data/raw/images/recovery/1306.jpg,1,recovery
"Las Vegas launches new TV ad as resorts, casinos prepare to reopen: A new Vegas for the new reality",data/raw/images/recovery/1307.jpg,1,recovery
Grounded in Arizona: Flights arrive but don t leave as ailing airlines park fleets,data/raw/images/recovery/1308.jpg,1,recovery
Hertz names Paul Stone as new CEO as rental car company deals with coronavirus business impacts,data/raw/images/recovery/nan,1,recovery
"Like a bumper boat : Ocean City, Maryland, restaurant unveils social distancing tables",data/raw/images/recovery/1310.jpg,1,recovery
How someone dies of the coronavirus.,data/raw/images/recovery/1311.jpg,1,recovery
By the numbers: Europe on the move again,data/raw/images/recovery/1312.jpg,1,recovery
"As Biden crafts U.S. coronavirus response proposals, Warren has his ear",data/raw/images/recovery/1313.jpg,1,recovery
Coronavirus crisis: How to hit pause button on mortgage payments during the pandemic,data/raw/images/recovery/1314.jpg,1,recovery
False claim: A COVID-19 vaccine will genetically modify humans,data/raw/images/recovery/1315.jpg,1,recovery
The Pandemic s Long-Lasting Effects on Weddings,data/raw/images/recovery/1316.jpg,1,recovery
"Breakingviews - Corona Capital: Travel companies, Oil",data/raw/images/recovery/1317.jpg,1,recovery
Breakingviews - Carmakers green future gets revved up by Covid-19,data/raw/images/recovery/1318.jpg,1,recovery
"Businesses in northern Michigan, UP move cautiously toward reopening",data/raw/images/recovery/1319.jpg,1,recovery
Workers return to Big Three plants in major test for auto industry,data/raw/images/recovery/1320.jpg,1,recovery
Opinion: Declassify COVID-19 info,data/raw/images/recovery/1321.jpg,1,recovery
"Wisconsin lawsuit seeks absentee ballot forms, other poll changes amid coronavirus concerns",data/raw/images/recovery/1322.jpg,1,recovery
This will kill you : People are warning others following Trump s apparent use of hydroxychloroquine,data/raw/images/recovery/1323.jpg,1,recovery
"Despite coronavirus, low supply and high demand buoyed first-quarter home prices",data/raw/images/recovery/1324.jpg,1,recovery
Donald Trump says he s taking hydroxychloroquine to protect against COVID-19,data/raw/images/recovery/1325.jpg,1,recovery
Italy s boys club politics shuts women out of coronavirus debate,data/raw/images/recovery/1326.jpg,1,recovery
Coronavirus makes everything worse for Pedro S nchez,data/raw/images/recovery/1327.jpg,1,recovery
Home offices are expensive: Study says most people didn t have one before coronavirus,data/raw/images/recovery/1328.jpg,1,recovery
"COVID-19: Better health system data, resilience and priority setting",data/raw/images/recovery/1329.jpg,1,recovery
The Pandemic s Geopolitical Aftershocks Are Coming,data/raw/images/recovery/1330.jpg,1,recovery
Can t Pay May : Making Rent in New York City During the Pandemic,data/raw/images/recovery/1331.jpg,1,recovery
"Increase in coronavirus cases expected as New York reopens, Cuomo says",data/raw/images/recovery/1332.jpg,1,recovery
"False claim: Two factories producing magnesium stearate, an ingredient used in a drug touted as a potential COVID-19 treatment, blown up simultaneously",data/raw/images/recovery/1333.jpg,1,recovery
"Instagram adding Guides for recommendations, starting with wellness and COVID-19",data/raw/images/recovery/1334.jpg,1,recovery
"How coronavirus is affecting abortion care, according to the head of Doctors Without Borders task force.",data/raw/images/recovery/1335.jpg,1,recovery
Lockdowns Cost [DECIMAL] Million US Health Workers Their Jobs,data/raw/images/recovery/nan,0,recovery
"What is a pulse oximeter, and does the coronavirus pandemic mean you need one",data/raw/images/recovery/1337.jpg,1,recovery
Nurmagomedov Confirms Father in Very Serious Condition With COVID-19 Heart Complications,data/raw/images/recovery/nan,0,recovery
There Will Be No Recovery Without Production,data/raw/images/recovery/nan,0,recovery
"CBS: Fairgrounds Around U.S. Being Converted Into Detention Centers, One Arrested for Trying to Escape",data/raw/images/recovery/nan,0,recovery
"Bill Gates Admits: 700,000 People Will be Harmed or Killed by Coronavirus Vaccines",data/raw/images/recovery/nan,0,recovery
COVID-19 and Lipoprotein(a): Time for Widespread Testing,data/raw/images/recovery/nan,0,recovery
Who will fight for your rights,data/raw/images/recovery/nan,0,recovery
American Colleges Are Headed for a Meltdown,data/raw/images/recovery/1344.jpg,0,recovery
John Oliver Warns That Resuming Sports Might Be More Complicated Than It Seems,data/raw/images/recovery/1345.jpg,1,recovery
"DNC hack hoax exposed, time to free Assange (Video)",data/raw/images/recovery/1346.jpg,0,recovery
Newsweek Says Study Shows Anti Vaccine Support Could Reach Dominance in 10 Years,data/raw/images/recovery/nan,0,recovery
"Coronavirus causes catastrophic situation in Dagestan, Russia",data/raw/images/recovery/1348.jpg,0,recovery
"All 500 tenants of dormitory in Omsk locked up for quarantine, not allowed to go out at all",data/raw/images/recovery/1349.jpg,0,recovery
Russia s first-ever case of genital mutilation committed against 9-year-old girl is still pending,data/raw/images/recovery/1350.jpg,0,recovery
"The Social, Psychic and Health Challenges of the Coronavirus Crisis Explored [Video]",data/raw/images/recovery/1351.jpg,0,recovery
Will You Get a Worthless COVID Test Bill [YEAR] Wants to Mandate it Are Americans About to Lose All Medical Rights,data/raw/images/recovery/1352.jpg,0,recovery
"Instead of Accusing China of Trade Deficit Trump Should Be Blaming US Corporations , Economist Says",data/raw/images/recovery/nan,0,recovery
China s Happy Harmony Hell,data/raw/images/recovery/1354.jpg,0,recovery
"Premier League Resumption Likely to Be in Mid-June , British Culture Secretary Says",data/raw/images/recovery/nan,0,recovery
New Data Suggest COVID-19 May Not Be As Deadly As Thought,data/raw/images/recovery/nan,0,recovery
"Fraudulent Models, Fatal Consequences",data/raw/images/recovery/nan,0,recovery
"Something we ve never seen before : Scientists still trying to understand baffling, unpredictable coronavirus",data/raw/images/recovery/1358.jpg,1,recovery
"Japan Closes Mount Fuji to Climbers Over COVID-19 Crisis, First Time in Decades",data/raw/images/recovery/nan,0,recovery
Coronavirus: Trump predicts vaccine delivery by end of [YEAR] . Experts say that s not likely,data/raw/images/recovery/1360.jpg,1,recovery
"Incarcerated in worst federal prison for COVID-19, Death Row Records founder asks for compassionate release",data/raw/images/recovery/1361.jpg,1,recovery
"Watch: Santa Clara County Public Health Department gives updates on COVID-19 and next steps for reopening, May 18",data/raw/images/recovery/1362.jpg,1,recovery
Coronavirus: Another Bay Area tech firm says employees can work from home permanently,data/raw/images/recovery/1363.jpg,1,recovery
"Ex-A s manager Art Howe, hospitalized with COVID-19, returns home",data/raw/images/recovery/1364.jpg,1,recovery
"Watch: California Gov. Gavin Newsom provides update on coronavirus response, May 18",data/raw/images/recovery/1365.jpg,1,recovery
The U.S. should pay people to get tested for covid-19,data/raw/images/recovery/1366.jpg,1,recovery
Cutting your partner s hair is the new relationship test,data/raw/images/recovery/nan,1,recovery
This nurse cared for the lives of black mothers and their babies. Covid-19 took hers.,data/raw/images/recovery/1368.jpg,1,recovery
Can hydroxychloroquine prevent COVID-19 President Donald Trump thinks maybe. There s no data to support that.,data/raw/images/recovery/1369.jpg,1,recovery
Coronavirus: Parking lots reopen at 27 California state parks,data/raw/images/recovery/1370.jpg,1,recovery
"No offense, but is this a joke Inside the underground market for face masks.",data/raw/images/recovery/1371.jpg,1,recovery
"In the world s fifth-most-populous country, distance learning is a single television channel",data/raw/images/recovery/nan,1,recovery
Humboldt County coronavirus protester s slaves sign goes viral,data/raw/images/recovery/nan,1,recovery
"Coronavirus: All Bay Area counties to allow storefront retail pickup, associated businesses to reopen",data/raw/images/recovery/1374.jpg,1,recovery
"Photos: All Bay Area counties join coronavirus phase 2 reopening, allowing storefront retail pickup",data/raw/images/recovery/1375.jpg,1,recovery
"Coronavirus: More new cases in Bay Area, but hospitalization rates continue to fall",data/raw/images/recovery/1376.jpg,1,recovery
The need to go is a big barrier to going out. Why public bathrooms are a stumbling block for reopening.,data/raw/images/recovery/1377.jpg,1,recovery
Moderna s coronavirus vaccine shows encouraging early results,data/raw/images/recovery/nan,1,recovery
When living in a crisis is a job: lockdown survival tips from seasoned pros. Part 3: Polar Explorer,data/raw/images/recovery/nan,0,recovery
Failures of an Influential COVID-19 Model Used to Justify Lockdowns,data/raw/images/recovery/nan,0,recovery
Trump Threatens to Withdraw From WHO: Is Profit From COVID-19 Really the Reason,data/raw/images/recovery/nan,0,recovery
Streets of Rio de Janeiro Undergo Disinfection to Halt Spread of COVID-19 - Video,data/raw/images/recovery/nan,0,recovery
We Were Never Asked,data/raw/images/recovery/nan,0,recovery
America Is Reopening Itself: Will Politicians Be Able To Stop It,data/raw/images/recovery/1384.jpg,0,recovery
Gaza shows solidarity with countries hit by coronavirus,data/raw/images/recovery/nan,0,recovery
"De Blasio: Riding in Crowded Subway, OK, Swimming in Ocean Isn t",data/raw/images/recovery/nan,0,recovery
"Disney, Netflix Demand Rest of America Bail Out California",data/raw/images/recovery/nan,0,recovery
"Mandatory Vaccines The Supreme Court Said Yes But Wait, There s More",data/raw/images/recovery/nan,0,recovery
Fauci s Covid-19 Pediatric Panic Porn,data/raw/images/recovery/nan,0,recovery
"Katie Hopkins Video: Britain, Boris and Lethal Socialized Healthcare",data/raw/images/recovery/nan,0,recovery
Pelosi s HEROES Act Forces Unemployed Americans to Compete With Illegal Aliens,data/raw/images/recovery/nan,0,recovery
Response to Chinese Coronavirus Reveals True Authoritarian Bent of Anti-American Globalists,data/raw/images/recovery/nan,0,recovery
Brazil president responsible for deaths of citizens,data/raw/images/recovery/nan,0,recovery
Media in Panic Mode over Latest Presidential Polls,data/raw/images/recovery/nan,0,recovery
You re Nonessential -- Keep Your Mouth Shut,data/raw/images/recovery/nan,0,recovery
"Human Problems Demand Human Solutions, Not Socialist Ones",data/raw/images/recovery/nan,0,recovery
Factbox: New measures being put in place for air travel differ by country,data/raw/images/recovery/1397.jpg,1,recovery
"For Dems to Succeed, Americans Must Fail",data/raw/images/recovery/nan,0,recovery
Breitbart: Italians Urge G20 Nations to Join Trump in Defunding W.H.O.,data/raw/images/recovery/nan,0,recovery
Empty middle seat Depends on which country you are flying in,data/raw/images/recovery/1400.jpg,1,recovery
Harvey Weinstein extradition to L.A. to face sex-crime charges delayed due to COVID-19,data/raw/images/recovery/nan,1,recovery
"Enough with the QAnon and Liberate tweets, Mr. Trump. Coronavirus is lethal enough.",data/raw/images/recovery/1402.jpg,1,recovery
"Trump administration extends border closures to Canada, Mexico until June 22",data/raw/images/recovery/nan,1,recovery
Transportation secretary: Airlines must be fair to people hit by coronavirus disruptions,data/raw/images/recovery/nan,1,recovery
"For NASCAR, sticking close to its roots might be smart even after the coronavirus pandemic",data/raw/images/recovery/1405.jpg,1,recovery
Live updates: 15-year-old dies after testing positive as toll hits five-day high; Md. reports spike in infections after testing surge,data/raw/images/recovery/nan,1,recovery
Pennsylvania Gov. Tom Wolf expresses general concern after Steelers QB Ben Roethlisberger s video at barbershop,data/raw/images/recovery/nan,1,recovery
Hundreds of McDonald s workers plan Wednesday strike over COVID-19 protections,data/raw/images/recovery/nan,1,recovery
"Browns center, NFLPA president JC Tretter says players face long list of hurdles amid coronavirus pandemic",data/raw/images/recovery/1409.jpg,1,recovery
Work resumes on Alabama s Bryant-Denny Stadium after workers test positive for coronavirus,data/raw/images/recovery/nan,1,recovery
Tom Brady gathers Buccaneers teammates for workout at Tampa high school,data/raw/images/recovery/1411.jpg,1,recovery
Coronavirus is inflicting trauma on our children. Here s how schools can help.,data/raw/images/recovery/1412.jpg,1,recovery
Hygiene is the new luxury : How cruise ship design could evolve to ward against outbreaks,data/raw/images/recovery/1413.jpg,1,recovery
MGM Resorts unveils free parking as it prepares for return of guests amid coronavirus,data/raw/images/recovery/1414.jpg,1,recovery
Atlantic beach towns brace for summer vacationers but know it won t be the same,data/raw/images/recovery/1415.jpg,1,recovery
Live updates: All 50 U.S. states have taken steps toward reopening in time for Memorial Day weekend,data/raw/images/recovery/1416.jpg,1,recovery
Mask in a restaurant This one can gobble like Pac-Man,data/raw/images/recovery/1417.jpg,1,recovery
At the movies: Ben Hur and Wizard of Oz as Japan reopens,data/raw/images/recovery/1418.jpg,1,recovery
India delay call on Sri Lanka tour amid travel restrictions,data/raw/images/recovery/1419.jpg,1,recovery
What you need to know about the coronavirus right now,data/raw/images/recovery/1420.jpg,1,recovery
US home construction drops [DECIMAL] % in April as virus rages,data/raw/images/recovery/1421.jpg,1,recovery
Coronavirus creates repair headache for oil and gas industry,data/raw/images/recovery/1422.jpg,1,recovery
Sundar Pichai on managing Google through the pandemic,data/raw/images/recovery/1423.jpg,1,recovery
Caribbean ports contemplate summer cruise season: When and how will cruises return,data/raw/images/recovery/1424.jpg,1,recovery
All I really need to know in life I learned from my kid s online kindergarten,data/raw/images/recovery/1425.jpg,1,recovery
Coronavirus store closings: Pier 1 Imports to shutter all stores nationwide in bankruptcy,data/raw/images/recovery/1426.jpg,1,recovery
Burundi votes Wednesday in presidential election despite coronavirus outbreak,data/raw/images/recovery/nan,1,recovery
"UK COVID-19 death toll nears 43,000 as scrutiny over strategy grows",data/raw/images/recovery/1428.jpg,1,recovery
"Some signs children may not transmit COVID-19, two UK epidemiologists say",data/raw/images/recovery/1429.jpg,1,recovery
British luggage brand Antler collapses as pandemic hits travel,data/raw/images/recovery/1430.jpg,1,recovery
UK jobless claims jump to highest since [YEAR] as COVID hits,data/raw/images/recovery/1431.jpg,1,recovery
Iberdrola says to enter [DECIMAL] billion wind project in British subsidy auction,data/raw/images/recovery/1432.jpg,1,recovery
"Breakingviews - Corona Capital: Julius Baer, Baidu, Imperial",data/raw/images/recovery/1433.jpg,1,recovery
EU trade pact to support Vietnam s coronavirus recovery - World Bank,data/raw/images/recovery/1434.jpg,1,recovery
"U.S. to send Russia 200 ventilators as Russian coronavirus cases near 300,000",data/raw/images/recovery/1435.jpg,1,recovery
China says U.S. trying to shift blame and smear Beijing over WHO,data/raw/images/recovery/1436.jpg,1,recovery
UK says 14 billion pounds approved so far in 100% state-backed COVID loans,data/raw/images/recovery/1437.jpg,1,recovery
Breakingviews - Cox: Quarantine in Switzerland is surprise luxury,data/raw/images/recovery/1438.jpg,1,recovery
Reform the CDC to fight the next pandemic,data/raw/images/recovery/1439.jpg,1,recovery
Las Vegas Venetian Resort is taking reservations for a post-coronavirus reopening on June 1,data/raw/images/recovery/1440.jpg,1,recovery
Trump threatens to permanently cut WHO funding and withdraw US membership,data/raw/images/recovery/1441.jpg,1,recovery
Sales soar at Walmart and Home Depot during the pandemic,data/raw/images/recovery/nan,1,recovery
Revisiting one of many debunked efforts to minimize the scale of the coronavirus pandemic,data/raw/images/recovery/nan,1,recovery
Global emissions plunged an unprecedented 17 percent during the coronavirus pandemic,data/raw/images/recovery/nan,1,recovery
"Trump s use of unproven drug to ward off covid-19 prompts concerns, ridicule. It s not for the morbidly obese, says Pelosi.",data/raw/images/recovery/nan,1,recovery
"President Trump s senior advisers now predict swift economic recovery, despite warnings that major problems could persist",data/raw/images/recovery/1446.jpg,1,recovery
49 of 50 governors have better coronavirus poll numbers than Trump,data/raw/images/recovery/1447.jpg,1,recovery
The new political battleground over the coronavirus Math.,data/raw/images/recovery/nan,1,recovery
"Mnuchin, Powell defend government s efforts to revive economy as senators press for answers",data/raw/images/recovery/1449.jpg,1,recovery
Coronavirus could bring down curtain on Shakespeare s Globe Theater,data/raw/images/recovery/1450.jpg,1,recovery
Florida s Coronavirus Dashboard Architect: I Was Fired for Not Manipulating Data,data/raw/images/recovery/1451.jpg,1,recovery
"Coronavirus not a pandemic in Pakistan says top court, ordering curbs lifted",data/raw/images/recovery/1452.jpg,1,recovery
Italy s daily coronavirus death toll and new cases climb,data/raw/images/recovery/1453.jpg,1,recovery
Over 4 million in US will contract coronavirus if states fully reopen: Wharton model,data/raw/images/recovery/1454.jpg,1,recovery
Letter: We need a COVID-19 Marshall Plan,data/raw/images/recovery/1455.jpg,1,recovery
"As coronavirus crushes small restaurants, big chains see room to move in",data/raw/images/recovery/1456.jpg,1,recovery
Few U.S. oil and gas firms return small-business COVID-19 loans,data/raw/images/recovery/1457.jpg,1,recovery
"Real, Bayern, Inter join forces to boost healthcare in Italy and Spain",data/raw/images/recovery/1458.jpg,1,recovery
Watford s Deeney says no to training over COVID-19 concerns,data/raw/images/recovery/1459.jpg,1,recovery
Coronavirus leads to 43% first quarter drop in Asian company profits,data/raw/images/recovery/1460.jpg,1,recovery
Ronaldo returns to Juventus training after two months,data/raw/images/recovery/1461.jpg,1,recovery
"India coronavirus infections surge past 100,000, deaths top 3,000",data/raw/images/recovery/1462.jpg,1,recovery
"Amid rising talk of negative rates, policies in Japan, Europe get subtle tweaks",data/raw/images/recovery/1463.jpg,1,recovery
White House panel: Build new tech infrastructure for future jobs,data/raw/images/recovery/1464.jpg,1,recovery
Exclusive: CDC plans sweeping COVID-19 antibody study in 25 metropolitan areas,data/raw/images/recovery/1465.jpg,1,recovery
"Powell, Mnuchin to face Senate grilling on U.S. coronavirus response",data/raw/images/recovery/1466.jpg,1,recovery
Protection in style: Chinese designer makes silk coronavirus masks,data/raw/images/recovery/1467.jpg,1,recovery
South Korea s BTS boyband management apologises over bar visit,data/raw/images/recovery/1468.jpg,1,recovery
Exclusive: Delta will add flights to keep planes no more than 60% full as demand rises - sources,data/raw/images/recovery/1469.jpg,1,recovery
"Is Trump Lying About the Coronavirus, or Does He Not Understand It",data/raw/images/recovery/1470.jpg,1,recovery
Asda s first-quarter sales boosted by coronavirus stocking-up,data/raw/images/recovery/1471.jpg,1,recovery
Factbox: Insurers return part of auto premiums as coronavirus cuts driving,data/raw/images/recovery/1472.jpg,1,recovery
Southwest says bookings outpace cancellations in May,data/raw/images/recovery/1473.jpg,1,recovery
Zimbabweans in South Africa use app to send food home after border restrictions,data/raw/images/recovery/1474.jpg,1,recovery
EU trade pact to support Vietnam s coronavirus recovery: World Bank,data/raw/images/recovery/1475.jpg,1,recovery
"Spain lifts ban on flights from Italy, but tourism still off cards",data/raw/images/recovery/1476.jpg,1,recovery
"Long-lasting global recession likely due to COVID-19, says World Economic Forum report",data/raw/images/recovery/1477.jpg,1,recovery
First public mass since COVID-19 lockdown,data/raw/images/recovery/1478.jpg,1,recovery
Boulder Ridge Wild Animal Park reopens,data/raw/images/recovery/1479.jpg,1,recovery
Coronavirus slashes emissions (for now),data/raw/images/recovery/1480.jpg,1,recovery
A top Florida coronavirus researcher said she was fired as the state reopened because she refused to manually change data,data/raw/images/recovery/1481.jpg,1,recovery
Coronavirus has made the [YEAR] election a perfect storm for voting rights lawsuits,data/raw/images/recovery/1482.jpg,1,recovery
Questions arise on coronavirus data used to back reopenings,data/raw/images/recovery/1483.jpg,1,recovery
Contact-tracing apps for COVID-19: What you need to know (and do),data/raw/images/recovery/1484.jpg,1,recovery
Some have tested positive for COVID-19 after recovering. What does that mean,data/raw/images/recovery/1485.jpg,1,recovery
"Trump threatens to halt WHO funding, review U.S. membership",data/raw/images/recovery/1486.jpg,1,recovery
Promising virus vaccine results reported as Trump takes anti-malaria drug,data/raw/images/recovery/1487.jpg,1,recovery
Trump says he is taking hydroxychloroquine despite FDA warning,data/raw/images/recovery/1488.jpg,1,recovery
Germany breaks taboo in effort to get EU through pandemic,data/raw/images/recovery/1489.jpg,1,recovery
"Despite big financial hit, Carl s Golfland a driving force behind 350K for COVID-19 causes",data/raw/images/recovery/1490.jpg,1,recovery
A new reality : CMU cuts men s track to save 600K a year; falls below minimum for men s sports,data/raw/images/recovery/1491.jpg,1,recovery
Polls show Europeans losing patience with governments,data/raw/images/recovery/1492.jpg,1,recovery
The Reason Donald Trump Will Take a Pill But Not Advice,data/raw/images/recovery/1493.jpg,1,recovery
How Russia s Coronavirus Crisis Got So Bad,data/raw/images/recovery/1494.jpg,1,recovery
Opinion Give Trump All the Rallies He Wants,data/raw/images/recovery/1495.jpg,1,recovery
Trump s drug surprise triggers a White House playbook: Defend and clean up,data/raw/images/recovery/1496.jpg,1,recovery
Badge of honor : Trump now says high number of U.S. coronavirus cases is a tribute to testing progress,data/raw/images/recovery/1497.jpg,1,recovery
Merkel s milestone moment,data/raw/images/recovery/1498.jpg,1,recovery
The leader of Belarus is using the coronavirus crisis to troll Putin,data/raw/images/recovery/1499.jpg,1,recovery
TV news adapts as COVID-19 dramatically changes broadcasts,data/raw/images/recovery/1500.jpg,1,recovery
Don t save the economy. Change the economy.,data/raw/images/recovery/1501.jpg,1,recovery
Sweden looks to break out of its northern isolation,data/raw/images/recovery/1502.jpg,1,recovery
The dangers of going back to school after coronavirus,data/raw/images/recovery/1503.jpg,1,recovery
CDC: Coronavirus mainly spreads through person-to-person contact and does not spread easily on contaminated surfaces,data/raw/images/recovery/1504.jpg,1,recovery
German economy to shrink by at least 10% - DIHK,data/raw/images/recovery/1505.jpg,1,recovery
Manchester United urge fans to stay away from stadiums,data/raw/images/recovery/1506.jpg,1,recovery
JPMorgan hands out 30 billion in loans to small businesses: memo,data/raw/images/recovery/1507.jpg,1,recovery
Kohl s losses surge on coronavirus closures,data/raw/images/recovery/1508.jpg,1,recovery
HomeServe sees no rise in cancellations amid COVID-19 pandemic,data/raw/images/recovery/1509.jpg,1,recovery
Working during coronavirus: Can I get fired for refusing vaccinations Ask HR,data/raw/images/recovery/1510.jpg,1,recovery
Bootleg barbershops and hair salons thrive as coronavirus stay at home orders persist in some states,data/raw/images/recovery/1511.jpg,1,recovery
"Trump calls high number of coronavirus cases in the US a badge of honor, attributes it to testing",data/raw/images/recovery/1512.jpg,1,recovery
"As some states reopen, studying sewage could help stop the coronavirus pandemic",data/raw/images/recovery/1513.jpg,1,recovery
Can t find Clorox wipes Here s what to buy instead,data/raw/images/recovery/1514.jpg,1,recovery
Coronavirus deaths: New Orleans mourns football coach Wayne Reese Sr.,data/raw/images/recovery/1515.jpg,1,recovery
Florida s scientist was fired for refusing to manipulate COVID-19 data,data/raw/images/recovery/1516.jpg,1,recovery
Breakingviews - It s a long jump back onto the travel bandwagon,data/raw/images/recovery/1517.jpg,1,recovery
Don t let coronavirus ruin your long-term plans. Here are some tips to retire on time in spite of COVID-19.,data/raw/images/recovery/1518.jpg,1,recovery
"After Plandemic video goes super viral on Brighteon.com, Facebook bans all Brighteon links, regardless of content",data/raw/images/recovery/1519.jpg,0,recovery
Clean Energy Via Legislative Diktat,data/raw/images/recovery/nan,0,recovery
NEWSWEEK: Doubts over Oxford COVID-19 Vaccine After Animals Tested Catch Virus,data/raw/images/recovery/nan,0,recovery
Medicare COVID-19 Telemedicine Factsheet,data/raw/images/recovery/nan,0,recovery
COVID-19 AND CHANGING SLEEP PATTERNS,data/raw/images/recovery/nan,0,recovery
Soccer players mental health at risk during coronavirus shutdown,data/raw/images/recovery/nan,0,recovery
"For the first time, Russian coronavirus recoveries OUTNUMBER new diagnoses",data/raw/images/recovery/1525.jpg,0,recovery
President Trump Orders Massive Regulatory Freeze to Help Economy During Coronavirus Pandemic,data/raw/images/recovery/nan,0,recovery
CDC Indefinitely Extends Public Health Order to Expel Illegal Aliens,data/raw/images/recovery/nan,0,recovery
My son was born on 9/11 now he s graduating high school in a global pandemic,data/raw/images/recovery/1528.jpg,1,recovery
"COVID-19 cases in Ford s Dearborn, Chicago plants cause temporary shutdowns",data/raw/images/recovery/1529.jpg,1,recovery
"Coronavirus: Leaked Pentagon memo warns pandemic could last until summer [YEAR] , including likely second wave, reports say",data/raw/images/recovery/1530.jpg,1,recovery
Where are you dreaming of going post-coronavirus quarantine Airbnb guests are craving future far-away trips,data/raw/images/recovery/1531.jpg,1,recovery
Venezuela Reportedly Files Legal Claim to Force Bank of England to Transfer its Gold,data/raw/images/recovery/nan,0,recovery
"Thrash Metal Drummer Awakens from Coronavirus Coma, Doesn t Think Satan Is That Cool Anymore",data/raw/images/recovery/1533.jpg,1,recovery
"Health leaders: We stuck together to StayHome, now we can start together to OpenSafely",data/raw/images/recovery/1534.jpg,1,recovery
"As more states reopen, Georgia defies predictions of coronavirus resurgence. What s the lesson for the rest of the country",data/raw/images/recovery/1535.jpg,1,recovery
US states accused of fudging coronavirus testing data,data/raw/images/recovery/1536.jpg,1,recovery
Schitt s Creek Star Dan Levy Comes Up With Beautiful Way To Get People Wearing Masks,data/raw/images/recovery/1537.jpg,1,recovery
Coronavirus is a terrifying illness that could leave millions of survivors with PTSD,data/raw/images/recovery/1538.jpg,1,recovery
"US Targets Iran, Venezuela, as World Increasingly Skeptical of Trump",data/raw/images/recovery/nan,0,recovery
"I Know You, Mask Statues With Covered Faces Abound Amid the COVID-19 Pandemic",data/raw/images/recovery/nan,0,recovery
Facebook blacklists free speech video platform Brighteon.com to silence humanitarian voices of pioneering women like Judy Mikovits TAKE ACTION,data/raw/images/recovery/1541.jpg,0,recovery
Why didn t they help him MMA promoter claims Khabib s father Abdulmanap was sick for 10 DAYS before receiving assistance,data/raw/images/recovery/1542.jpg,0,recovery
Tyler O Neil Hosts Freedom Center Webinar on Thursday: Making Hate Pay,data/raw/images/recovery/nan,0,recovery
Coronavirus Deaths and Lockdown,data/raw/images/recovery/nan,0,recovery
"Barbara Ferrer, Social Welfare Queen of Los Angeles County",data/raw/images/recovery/nan,0,recovery
"World Was Headed For Recession Before COVID-19 Lockdown, Says City of London Economist",data/raw/images/recovery/nan,0,recovery
Africa s Problems Should Help Us Put COVID-19 Into Global and Historical Perspective,data/raw/images/recovery/nan,0,recovery
What Private Practices Need to Know About the U.S. Relief Package,data/raw/images/recovery/nan,0,recovery
EPL: six positive coronavirus tests across three clubs,data/raw/images/recovery/nan,0,recovery
Pelosi s HEROES Act Forces Unemployed Americans To Compete With Illegal Aliens,data/raw/images/recovery/nan,0,recovery
"COVID-19: US Gov t Puts Profit Above Alaska Natives Health Human Rights, Indigenous Leaders Say",data/raw/images/recovery/nan,0,recovery
Scientists Believe Signs of Human Intervention are in Coronavirus Strain Cultured to Attack Human Cells,data/raw/images/recovery/nan,0,recovery
UEFA Head Ready to Bet 1 Mln That Euro [YEAR] Will Happen in [YEAR],data/raw/images/recovery/nan,0,recovery
H.R. [YEAR] The Nullifying Your 4th Amendment and Forcibly Separating Your Family to Keep You Safe Act,data/raw/images/recovery/nan,0,recovery
Premier League Big Six Not in Favour of New Broadcast Proposals - Reports,data/raw/images/recovery/nan,0,recovery
"The Slippery Slope to Despotism: Paved with Lockdowns, Raids and Forced Vaccinations",data/raw/images/recovery/nan,0,recovery
Promising Research Shows that Some Cannabis Strains May Help Protect Against Covid-19,data/raw/images/recovery/1557.jpg,0,recovery
Bill Gates-Backed Coronavirus Testing Program Shut Down By The FDA,data/raw/images/recovery/1558.jpg,0,recovery
Room for Optimism: UN Releases Executive Summary on COVID-19 Impact on Africa,data/raw/images/recovery/nan,0,recovery
Trump threatens to withhold aid to 2 states over expanded voting by mail,data/raw/images/recovery/1560.jpg,1,recovery
Can Trump Block Federal Funds to Michigan After Voters Received Absentee Ballot Applications,data/raw/images/recovery/nan,0,recovery
"Must-see video triple play: Dr. Judy Mikovits, Andreas Kalcker and the Health Ranger join Alan Keyes and Bob Sisson on IAMTV Coronavirus vaccines SAFE or DEADLY",data/raw/images/recovery/1562.jpg,0,recovery
Covid-19 Spreads to Rural America After Federal Government Bungling,data/raw/images/recovery/nan,0,recovery
Oprah Winfrey gives 12M to home cities during coronavirus pandemic,data/raw/images/recovery/1564.jpg,1,recovery
Coronavirus news you may have missed overnight: Captain Tom Moore to receive knighthood as Trump claims US having most cases is badge of honour,data/raw/images/recovery/1565.jpg,1,recovery
"Texas voters afraid of coronavirus can cast mail-in ballots, federal judge rules",data/raw/images/recovery/1566.jpg,1,recovery
110 bipartisan leaders: Congress needs to reform itself in wake of coronavirus,data/raw/images/recovery/1567.jpg,1,recovery
Rep. Jayapal: Trump s coronavirus response is like The Hunger Games,data/raw/images/recovery/1568.jpg,1,recovery
Coronavirus: The top 10 most wish-listed homes on Airbnb,data/raw/images/recovery/1569.jpg,1,recovery
Meet the Dutchman who cried foul on Europe s tracking technology,data/raw/images/recovery/1570.jpg,1,recovery
DOJ Warns California Not to Discriminate Against Religious Reopening,data/raw/images/recovery/nan,0,recovery
Most Americans say Germans tackled coronavirus better than US: report,data/raw/images/recovery/1572.jpg,1,recovery
Italian support for Fiat-Chrysler sparks political clash,data/raw/images/recovery/1573.jpg,1,recovery
Memorial Day tradition of placing flags on veterans graves canceled due to coronavirus,data/raw/images/recovery/1574.jpg,1,recovery
"Socially-distant concerts from Keith Urban, Travis McCready, more signal changes to live music",data/raw/images/recovery/nan,1,recovery
Target same-day services like Drive Up and Shipt delivery grew by 278% fueled by COVID-19,data/raw/images/recovery/1576.jpg,1,recovery
Big box rules: Target s online campaign readied it for virus,data/raw/images/recovery/1577.jpg,1,recovery
Europe learning the dangers of going back to school after coronavirus,data/raw/images/recovery/1578.jpg,1,recovery
It s tough : COVID-19 denies Oak Park girls track team s run at another three-peat,data/raw/images/recovery/1579.jpg,1,recovery
"We ve got to take advantage of it : Tourists, shoppers slowly returning to Rodeo Drive during coronavirus",data/raw/images/recovery/nan,1,recovery
"Apple, Google release coronavirus-tracing software but will it help",data/raw/images/recovery/1581.jpg,1,recovery
Italy s beaches face coronavirus chill,data/raw/images/recovery/1582.jpg,1,recovery
Stocks open higher on Wall Street a day after a late slide,data/raw/images/recovery/1583.jpg,1,recovery
"Cash, long a refuge in uncertain times, now under suspicion",data/raw/images/recovery/1584.jpg,1,recovery
The reason Donald Trump will take a pill but not advice,data/raw/images/recovery/1585.jpg,1,recovery
California Illegal Alien Giveaway Helpline Gets [DECIMAL] M Calls in 1 Day,data/raw/images/recovery/nan,0,recovery
Opinion It s OK to Acknowledge Good Covid-19 News,data/raw/images/recovery/1587.jpg,1,recovery
Will COVID-19 Public Policies Split Up Families,data/raw/images/recovery/1588.jpg,0,recovery
"Big Sean leads Detroit-sponsored online event to fight COVID-19, raise census awareness",data/raw/images/recovery/nan,1,recovery
Coronavirus live updates: Florida gov pushes back on fired scientist; Michigan evacuation concerns; CDC puts out longer reopening guidelines,data/raw/images/recovery/nan,1,recovery
Heroic Whistleblowing Scientist Touted by the Media Was Busted for Revenge Porn,data/raw/images/recovery/nan,0,recovery
Coronavirus updates: World sees highest 1-day increase since outbreak began,data/raw/images/recovery/1592.jpg,1,recovery
Hydroxychloroquine and coronavirus: Everything to know about the drug Trump says he s taking,data/raw/images/recovery/1593.jpg,1,recovery
It s too soon to declare kids less capable of transmitting COVID-19: Experts,data/raw/images/recovery/1594.jpg,1,recovery
Online programs used for coronavirus-era school promise results. The claims are misleading,data/raw/images/recovery/1595.jpg,1,recovery
"Apple and Google are making their COVID-19 exposure tech available to public health agencies, which means you ll soon have access to contact tracing apps",data/raw/images/recovery/1596.jpg,1,recovery
"Monkeys infected with COVID-19 develop immunity in studies, a positive sign for vaccines",data/raw/images/recovery/1597.jpg,1,recovery
"Live updates: Texas coronavirus cases surge as restaurants, gyms, bars, and childcare facilities reopen",data/raw/images/recovery/1598.jpg,1,recovery
A New Entry in the Race for a Coronavirus Vaccine: Hope,data/raw/images/recovery/1599.jpg,1,recovery
Timberwolves partner with Mayo Clinic to conduct NBA antibody study,data/raw/images/recovery/1600.jpg,1,recovery
"Coronavirus pandemic, Michigan floodwaters, McDonald s workers strike: 5 things to know Wednesday",data/raw/images/recovery/1601.jpg,1,recovery
Food prices soar to highest one-month increase since [YEAR] ; price of eggs up 16% in April,data/raw/images/recovery/1602.jpg,1,recovery
"Norwegian Cruise Line extends sailing suspension, ships won t sail until August",data/raw/images/recovery/1603.jpg,1,recovery
"Coronavirus: Best US cities for a staycation, according to WalletHub",data/raw/images/recovery/1604.jpg,1,recovery
"The new way : Milwaukee businesses pivot by selling care packages, virtual events to survive the coronavirus pandemic",data/raw/images/recovery/1605.jpg,1,recovery
Will online summer camp work A virtual path worth a try during coronavirus pandemic,data/raw/images/recovery/1606.jpg,1,recovery
"Like a bulldozer : How coronavirus impacts the lives of athletes, coaches at one Georgia high school",data/raw/images/recovery/1607.jpg,1,recovery
Has the coronavirus crisis depleted your cash savings Here s what you should do before tapping your 401(k),data/raw/images/recovery/nan,1,recovery
"After scientist fired, Florida governor calls coronavirus data manipulation charge a nonissue",data/raw/images/recovery/1609.jpg,1,recovery
"Insomnia, depression: a study has examined the possible impact of Covid-19 on patients mental health",data/raw/images/recovery/1610.jpg,1,recovery
Coronavirus: South Africa Covid-19 deaths to soar in coming months,data/raw/images/recovery/1611.jpg,1,recovery
"Many New Yorkers who suspected they had COVID-19 did not, study finds",data/raw/images/recovery/1612.jpg,1,recovery
Uber Eats launches Family Style Meals to save your family money on delivery orders,data/raw/images/recovery/1613.jpg,1,recovery
"Coronavirus and FSAs: If you can t use it and might lose it, here s what to do",data/raw/images/recovery/1614.jpg,1,recovery
Online programs used for coronavirus-era school promise results. The claims are misleading,data/raw/images/recovery/1615.jpg,1,recovery
Trump Unveils Plan That Would See Big Pharma Reap Massive Profits from COVID-19 Vaccine,data/raw/images/recovery/nan,0,recovery
Researchers: 100% Covid-19 Cure Rate Using Intravenous Chlorine Dioxide,data/raw/images/recovery/nan,0,recovery
"New York Times Falsely Blames Trump, Lack of Lockdowns, for Nursing Home Deaths",data/raw/images/recovery/nan,0,recovery
Bring Grandma-Killing Governors to Justice,data/raw/images/recovery/nan,0,recovery
Post-virus future: 4 trends that will shape the global economy,data/raw/images/recovery/nan,0,recovery
Nigel Farage Accuses France of Escorting Migrant Boats Into UK,data/raw/images/recovery/nan,0,recovery
"Southern States See More COVID-19 Cases, CDC Warns of Another Wave: What Does This Portend",data/raw/images/recovery/nan,0,recovery
"The Difference One Week Made: 30,000 Extra Covid Deaths",data/raw/images/recovery/nan,0,recovery
"US Lockdown Delays Have Cost More Than 36,000 Lives, Says Columbia University s New Model",data/raw/images/recovery/nan,0,recovery
"It s the End of Meat , so shut up drink the oil: NYT tries to berate its readers into a plant diet",data/raw/images/recovery/1625.jpg,0,recovery
"Killing Off a Pandemic is Engineering, Not Science",data/raw/images/recovery/nan,0,recovery
No Pandemic Exception to Constitution,data/raw/images/recovery/nan,0,recovery
Mexico Pulls the Plug on Renewables,data/raw/images/recovery/nan,0,recovery
All Monkeys in Crucial Coronavirus Trial Contract Covid-19 Denting Hopes of Vaccine,data/raw/images/recovery/nan,0,recovery
Masks: Are There Benefits or Just a Comfort Prop Let the Facts Speak,data/raw/images/recovery/nan,0,recovery
FOX: DeSantis: Former Manager of Coronavirus Dashboard Not a Data Scientist; Faces Cyber-Stalking Charge,data/raw/images/recovery/nan,0,recovery
Asylum Workers Sound Alarm On Violent Criminals Posing as Unaccompanied Minors,data/raw/images/recovery/nan,0,recovery
Podcasts - COVID Contact Tracing: Who You Know Could Hurt You (Guest: Twila Brase),data/raw/images/recovery/nan,0,recovery
Hillary Steamrolls Trump With Fact Check Of Vote By Mail Lies,data/raw/images/recovery/nan,0,recovery
Corpse Lay on the Street in Coronavirus-Racked Rio for 30 Hours,data/raw/images/recovery/nan,0,recovery
BILL GATES-BACKED CORONAVIRUS TESTING PROGRAM SHUT DOWN BY THE FDA,data/raw/images/recovery/nan,0,recovery
US Pirates of the Caribbean,data/raw/images/recovery/nan,0,recovery
Dr. Fauci s warp speed vaccine gets media applause but serious concerns are beginning to emerge,data/raw/images/recovery/1638.jpg,0,recovery
"Watch Banned Video Here: After Plandemic video goes super viral on Brighteon.com, Facebook bans all Brighteon links, regardless of content",data/raw/images/recovery/nan,0,recovery
"Tennessee: Hospital Got 121,000 In COVID-19 Relief Even Though It s Been Closed For A Year Owes [DECIMAL] Million In Unpaid Federal Taxes",data/raw/images/recovery/nan,0,recovery
Dolphins Bring Gifts From the Sea in Apparent Response to Lack of Human Interaction,data/raw/images/recovery/nan,0,recovery
"What s Behind Trump s Row With Health Agencies Birx s Decision to Take on CDC, WHO",data/raw/images/recovery/nan,0,recovery
Fox News Persona s Tragic Story Puts A Human Face On Cuomo s Disastrous Decisions,data/raw/images/recovery/1643.jpg,0,recovery
Arkansas: Almost 600 Workers Test Positive For Covid-19 At Another Tyson Plant,data/raw/images/recovery/nan,0,recovery
9 Signs Of The End Times That Are Unfolding Right In Front Of Our Eyes,data/raw/images/recovery/nan,0,recovery
"APPEALS to the President: Mikovits, Adams and Kalcker lay out powerful executive strategies President Trump can use to abolish Big Pharma s death grip on America",data/raw/images/recovery/1646.jpg,0,recovery
CONFIRMED: Coronavirus vaccines will contain aborted human babies,data/raw/images/recovery/1647.jpg,0,recovery
US Banks On Hook For 150B In Frozen Loans As Millions Skip Credit Card And Car Payments,data/raw/images/recovery/nan,0,recovery
THAT S DARK: Check Out The Hospital Bed For COVID Patients That Can Be Turned Into A Coffin,data/raw/images/recovery/1649.jpg,0,recovery
MSF: Scores died of COVID-19 in southern Yemen in just two weeks,data/raw/images/recovery/nan,0,recovery
Wylie mayor defends belief that women shouldn t lead public prayer,data/raw/images/recovery/1651.jpg,0,recovery
"Nicola Sturgeon is leading her country out of lockdown, and out of the UK",data/raw/images/recovery/1652.jpg,0,recovery
Israeli Arab Citizen Indicted as Iranian Spy,data/raw/images/recovery/nan,0,recovery
Coronavirus testing is really about harvesting your DNA for a government database,data/raw/images/recovery/nan,0,recovery
China finally admits it destroyed coronavirus samples but claims it was done for safety,data/raw/images/recovery/1655.jpg,0,recovery
Closed Doors Matches Sadder Than Dancing With Your Sister Spain Manager Luis Enrique,data/raw/images/recovery/nan,0,recovery
JP Morgan study finds COVID infection rates have DECLINED not increased in REOPENED states,data/raw/images/recovery/nan,0,recovery
Shameless Alarmists Spread Climate Change Cancer Horror Story,data/raw/images/recovery/nan,0,recovery
Chechen Leader Kadyrov Hospitalized With Coronavirus in Moscow: Reports The Moscow Times,data/raw/images/recovery/1659.jpg,0,recovery
Moderna COVID Vaccine Trial Sees 20% Serious Injury Rate as U.S. Invests BILLIONS More on Experimental COVID Vaccines,data/raw/images/recovery/1660.jpg,0,recovery
EU Considers Providing Aid to Companies Ignored by Their Governments During the Corona Crisis,data/raw/images/recovery/nan,0,recovery
Pandemic [YEAR] : From Statistical Fraud to Controlled Society - Global Research,data/raw/images/recovery/1662.jpg,0,recovery
"Petition Against Mandatory Vaccination for the Coronavirus (Almost 500,000 Signatures)",data/raw/images/recovery/nan,0,recovery
New Evidence Suggests the United States Government may have Engineered Covid-19,data/raw/images/recovery/1664.jpg,0,recovery
"Another day, another fail: Bloomberg MIXES UP hospital bed stats of Russia OECD in attack on country s Covid-19 response",data/raw/images/recovery/1665.jpg,0,recovery
"Regime Change Back In Focus: Pompeo Targets Iran, Cuba Venezuela In Epic Tweet Thread",data/raw/images/recovery/1666.jpg,0,recovery
"Abbas Unlikely to End Cooperation with Israel, Hopes His Threats Trigger Mass Riots, Pundit Says",data/raw/images/recovery/nan,0,recovery
"Ron DeSantis Takes Apart Media Lies, Dishonesty Regarding Florida Coronavirus Response",data/raw/images/recovery/nan,0,recovery
"All of the World Will Be Affected Negatively if Africa is Forgotten Amid COVID-19, Says WHO Expert",data/raw/images/recovery/nan,0,recovery
"Brazil Turns Into Bubbling Cauldron as COVID Cases Soar Political Crisis Looms, Analyst Says",data/raw/images/recovery/nan,0,recovery
How coronavirus is changing access to abortion,data/raw/images/recovery/1671.jpg,1,recovery
"NOAA sees busy hurricane season, as pandemic strains emergency services",data/raw/images/recovery/1672.jpg,1,recovery
"Whitmer allows doctor visits, auto sales by appointment, gatherings of 10 or less",data/raw/images/recovery/1673.jpg,1,recovery
Tesla offers anxious plant workers unpaid leave until May 31,data/raw/images/recovery/1674.jpg,1,recovery
Trump takes mail-in voting grievances to Michigan,data/raw/images/recovery/1675.jpg,1,recovery
Juncker: EU internal border closures nonsense,data/raw/images/recovery/1676.jpg,1,recovery
British Council faces financial ruin due to coronavirus,data/raw/images/recovery/1677.jpg,1,recovery
Reopening reality check: Georgia s jobs aren t flooding back,data/raw/images/recovery/1678.jpg,1,recovery
First Florida theme parks set post-coronavirus reopening dates in June,data/raw/images/recovery/1679.jpg,1,recovery
UCLA report says minorities disproportionately affected by coronavirus,data/raw/images/recovery/1680.jpg,1,recovery
"Coronavirus-jolted finances may be worse than feared, LA officials say",data/raw/images/recovery/1681.jpg,1,recovery
LA supervisors want inspector general to oversee skilled nursing facilities in wake of coronavirus,data/raw/images/recovery/1682.jpg,1,recovery
In pictures: NHS workers fighting to keep a COVID-19 ward safe,data/raw/images/recovery/1683.jpg,1,recovery
"Coronavirus: Ventura County gets green light for faster opening, while LA County sticks to cautious easing",data/raw/images/recovery/1684.jpg,1,recovery
"L.A. County s coronavirus death toll tops 2,000",data/raw/images/recovery/1685.jpg,1,recovery
Nearly All the Doctors Who Have Died of Covid-19 in the UK Have Been Ethnic Minorities,data/raw/images/recovery/nan,0,recovery
"Coronavirus testing: Coming to a drugstore, urgent care, living room near you",data/raw/images/recovery/1687.jpg,1,recovery
At least a quarter of the workforce is out of a job. How much worse will it get,data/raw/images/recovery/1688.jpg,1,recovery
"San Manuel Casino extends coronavirus closure, implements furloughs and layoffs",data/raw/images/recovery/1689.jpg,1,recovery
"Coronavirus Quarantine for Thee, but Not for Me",data/raw/images/recovery/1690.jpg,0,recovery
Maduro Accuses Colombian President of Ordering to Infect Venezuela With Coronavirus - Report,data/raw/images/recovery/nan,0,recovery
Labor Department Data Shows That US Job Losses From COVID-19 Near 39 Million,data/raw/images/recovery/nan,0,recovery
6 Things Democrats and the Media Want You to Believe About the Coronavirus,data/raw/images/recovery/nan,0,recovery
Restaurants still struggling in areas where restrictions have been lifted as many patrons still voluntarily staying home,data/raw/images/recovery/1694.jpg,0,recovery
PragerU Video: Doctor: Treat Coronavirus Early With Hydroxychloroquine,data/raw/images/recovery/nan,0,recovery
More than 100 million people in China face new lockdown as second wave of COVID-19 cases emerge True Pundit,data/raw/images/recovery/1696.jpg,0,recovery
Here are the Chinese propaganda centers currently operating in the US,data/raw/images/recovery/1697.jpg,0,recovery
EXCUSIVE: TOP Brokerage House Asking Account Holders COVID-19 Medical Questions Before They Release 401K Funds True Pundit,data/raw/images/recovery/1698.jpg,0,recovery
"Italian leader calls Bill Gates a vaccine criminal, demands his arrest for crimes against humanity",data/raw/images/recovery/1699.jpg,0,recovery
French Businessman Proposes Selling Mona Lisa to Help Nation Amid COVID-19 Pandemic,data/raw/images/recovery/nan,0,recovery
UN calls for release of Palestinian children detained by Israel,data/raw/images/recovery/nan,0,recovery
"For tone-deaf feminists it doesn t matter that Covid-19 kills almost twice as many men, because women bear the emotional brunt",data/raw/images/recovery/1702.jpg,0,recovery
LISTEN: PAINE in the Morning News Scoops Analysis for Thursday [DECIMAL] .20 True Pundit,data/raw/images/recovery/1703.jpg,0,recovery
Llama helps deliver food to remote places in Wales,data/raw/images/recovery/nan,0,recovery
Trump Tested Positively Toward Negative For COVID-19. What,data/raw/images/recovery/nan,0,recovery
"Netizens Stirred as LA Mayor Slams Trump, Says Real Men Wear Face Masks",data/raw/images/recovery/nan,0,recovery
"As World Economy Burns to Coronavirus, Soros, Bezos, Buffet Make Big Bucks on Stock Market",data/raw/images/recovery/nan,0,recovery
UK MP Calls on Government for Financial Aid for EFL Clubs Due to COVID-19 Shutdown - Reports,data/raw/images/recovery/nan,0,recovery
"Clubs, Players and Referees Keen to Start Football Season Again La Liga President Javier Tebas",data/raw/images/recovery/nan,0,recovery
Palestinians mark Intl. Quds Day in Gaza Strip,data/raw/images/recovery/nan,0,recovery
"RDIF, ChemRar Name New Drug Undergoing Trials to Treat COVID-19 Avifavir",data/raw/images/recovery/nan,0,recovery
Intl. Quds Day rallies held online amid COVID-19 pandemic,data/raw/images/recovery/nan,0,recovery
"COVID-19: Recession in India is Given, Question is How Deep the Crisis is, Analysts Say",data/raw/images/recovery/nan,0,recovery
PressTV,data/raw/images/recovery/nan,0,recovery
A Timeline--Pandemic and Erosion of Freedoms Have Been Decades in the Making,data/raw/images/recovery/1715.jpg,0,recovery
Michigan: Gretchen Whitmer Targets 77-Year-Barber Declares Sodomite Swingers Club Essential,data/raw/images/recovery/nan,0,recovery
FORMER CBS JOURNALIST SHARYL ATTKISSON CALLS OUT YOUTUBE FOR CENSORING FACTUAL INFO ABOUT HYDROXYCHLOROQUINE,data/raw/images/recovery/nan,0,recovery
A Synopsis of the US-Taiwan Relationship as Weapon Sales Fuel Tension With China,data/raw/images/recovery/nan,0,recovery
"Children in care can be vaccinated against their parents wishes without court order, UK judges rule",data/raw/images/recovery/1719.jpg,0,recovery
Brainwashing and the New Vocabulary: 12 Words and Phrases I Never Want to Hear Again,data/raw/images/recovery/nan,0,recovery
Netizens Celebrate Nature s Glorious Revival With Stunning Pics on International Day of Biodiversity,data/raw/images/recovery/nan,0,recovery
UN says Yemen s health system has in effect collapsed as COVID-19 spreads,data/raw/images/recovery/nan,0,recovery
IKEA to Employ Social Distance Wardens to Patrol Shoppers,data/raw/images/recovery/1723.jpg,0,recovery
Trump s Press Secretary Displays One of His Checks in a Little Too Much Detail,data/raw/images/recovery/nan,0,recovery
OCTOPUS PROMIS [DECIMAL] : Trump Admin And Police Using New TOC Database For Warrantless Surveillance,data/raw/images/recovery/nan,0,recovery
The Army is planning a mass recruiting drive this summer,data/raw/images/recovery/1726.jpg,0,recovery
Doctors raise alarm about health effects of continued coronavirus shutdown: Mass casualty incident True Pundit,data/raw/images/recovery/1727.jpg,0,recovery
"Trump Designates Houses of Worship as Essential, Orders US Governors to Reopen Them NOW",data/raw/images/recovery/1728.jpg,0,recovery
Genetic Code of Every Lifeform Under Attack by World Elite,data/raw/images/recovery/1729.jpg,0,recovery
"Trump s Vaccine Czar Has Vast Ties to Drug Industry, Posing Possible Conflicts True Pundit",data/raw/images/recovery/1730.jpg,0,recovery
Obama s Ambassador To Beijing Compares Trump To Hitler On Chinese TV,data/raw/images/recovery/1731.jpg,0,recovery
Poll: A Quarter Of Americans Are Not Interested In Coronavirus Vaccine,data/raw/images/recovery/1732.jpg,0,recovery
Japanic Tokyo Tourism Tumbles [DECIMAL] % In April,data/raw/images/recovery/1733.jpg,0,recovery
The Worst Unemployment Spike In U.S. History 1 Out Of Every 4 Workers Has Filed For Unemployment Benefits In [YEAR],data/raw/images/recovery/1734.jpg,0,recovery
Revised CDC Guidance On COVID-19 How Spreads,data/raw/images/recovery/nan,0,recovery
New Study Claims Hydroxychloroquine Associated With Large Number of Deaths Among COVID-19 Patients,data/raw/images/recovery/nan,0,recovery
China drops word peaceful in latest push for Taiwan reunification,data/raw/images/recovery/1737.jpg,0,recovery
US support for Israel s West Bank annexation anything but peaceful,data/raw/images/recovery/nan,0,recovery
US Escalates Threats Against China Over Hong Kong Taiwan,data/raw/images/recovery/nan,0,recovery
"Virus surges in Monument Valley, symbol of American West",data/raw/images/recovery/1740.jpg,0,recovery
"It is not safe for England s schools to reopen on June 1, former UK chief scientific adviser s group warns",data/raw/images/recovery/1741.jpg,0,recovery
"If We ve No Solution to Crisis, It s Cos We Spent Money on Bombs Instead of Medicine Analyst",data/raw/images/recovery/nan,0,recovery
Black Americans and Latinos nearly 3 times as likely to know someone who died of COVID-19: POLL,data/raw/images/recovery/1743.jpg,0,recovery
The Curious Case of Low COVID-19 Death Rate in India,data/raw/images/recovery/nan,0,recovery
Behind Trump s demand to reopen churches: Slipping poll numbers and alarm inside his campaign,data/raw/images/recovery/1745.jpg,0,recovery
"Chicago will cautiously reopen in early June, begin easing restrictions on some businesses and activities, Mayor Lori Lightfoot says",data/raw/images/recovery/nan,0,recovery
Unnecessary Invasion of Privacy Google Apple COVID-Tracing Tech Sparks Security Concerns,data/raw/images/recovery/nan,0,recovery
"Coronavirus Quarantines Should Have Been Implemented Right From the Start, UKIP Wales Leader Says",data/raw/images/recovery/nan,0,recovery
Iraq s New Government Inspires Hope to Tackle Extremism as Daesh Rears Its Head Again,data/raw/images/recovery/nan,0,recovery
George Soros Says Coronavirus Could Kill the EU,data/raw/images/recovery/nan,0,recovery
"The Slippery Slope To Despotism: Paved With Lockdowns, Raids Forced Vaccinations",data/raw/images/recovery/nan,0,recovery
Finnish Parliament to Reproach Ministries for Keeping Mum About NATO Cooperation Deal Reports,data/raw/images/recovery/nan,0,recovery
Sugar Dating : Sweden Sounds the Alarm Over Coronavirus-Induced Underage Prostitution,data/raw/images/recovery/nan,0,recovery
The coronavirus invades Trump country,data/raw/images/recovery/1754.jpg,0,recovery
Berlin s TV Tower Reopens For Visitors Following Two-Month COVID-19 Shutdown - Video,data/raw/images/recovery/nan,0,recovery
"Trump, in Michigan: We re not going to close the country if there s a 2nd wave of coronavirus cases True Pundit",data/raw/images/recovery/1756.jpg,0,recovery
"Brazil Rises to 2nd Place in COVID-19 Cases, Overtaking Russia - Health Ministry",data/raw/images/recovery/nan,0,recovery
Trump s routing number revealed as press secretary announces he s donating quarterly salary to HHS: report,data/raw/images/recovery/nan,0,recovery
"We have lions on the front line, we need lions in leadership : Nobel Prize-winning scientist SLAMS UK govt response to Covid-19",data/raw/images/recovery/1759.jpg,0,recovery
President of Chechnya Kadyrov hospitalized with deterioration of his lungs,data/raw/images/recovery/1760.jpg,0,recovery
Evidence in US 800 Mln Iraq Oil Bribery Trial is Flimsiest of Innuendos Says UK Defence Lawyer,data/raw/images/recovery/nan,0,recovery
"French Carmaker Renault on Verge of Bankruptcy Due to COVID-19 Pandemic, Economy Minister Says",data/raw/images/recovery/nan,0,recovery
"Black Domed Saucer Spotted Shooting Into Bristol s Sky to Explore Lockdown , UFO Hunters Claim",data/raw/images/recovery/nan,0,recovery
"As US Jobless Numbers Top [DECIMAL] Million, Billionaires Wealth Balloons by 434 Billion",data/raw/images/recovery/nan,0,recovery
After the Lockdown: A Global Coronavirus Vaccination Program,data/raw/images/recovery/1765.jpg,0,recovery
Perennial Dazzle of Bullion: Russian Central Bank s Gold Reserve Props Up Ruble Despite Pandemic,data/raw/images/recovery/nan,0,recovery
Hillary Dismantles Trump With Weekend Fact-Check Of Blatant Lie,data/raw/images/recovery/nan,0,recovery
How about 1 coffin BoJo s office ridiculed after suggesting people social distance 3 fridges apart,data/raw/images/recovery/1768.jpg,0,recovery
Sunbathers are Immune to COVID-19,data/raw/images/recovery/nan,0,recovery
Biden Opens 8-Point Lead Over Trump in Presidential Election,data/raw/images/recovery/nan,0,recovery
"Customers Turn Down American LNG in Growing Numbers Amid Global Supply Glut, Traders Say",data/raw/images/recovery/nan,0,recovery
It s Time To Bring Grandma-Killing Governors To Justice,data/raw/images/recovery/nan,0,recovery
Chechen Parliament Speaker Denies Reports That Kadyrov is Infected With COVID-19,data/raw/images/recovery/nan,0,recovery
Trump Assures Americans: We re Not Going To Close The Country If COVID Wave Returns,data/raw/images/recovery/nan,0,recovery
"Covid-19 pandemic is all but OVER and we already have HERD IMMUNITY, says top Oxford scientist",data/raw/images/recovery/1775.jpg,0,recovery
McConnell Declares Expanded Unemployment Benefits Will Not Be in the Next Bill True Pundit,data/raw/images/recovery/1776.jpg,0,recovery
Coronavirus-triggered layoffs in US hit nearly 39 million True Pundit,data/raw/images/recovery/1777.jpg,0,recovery
More Satellite Fly-bys Courtesy of Elon Musk and SpaceX,data/raw/images/recovery/nan,0,recovery
Mission Unexplained: U.S. Space Force Launches Crewless Space Plane Full of Science Experiments,data/raw/images/recovery/nan,0,recovery
Here Comes The Wave: Loan Defaults Hit 6-Year High,data/raw/images/recovery/nan,0,recovery
Podcasts - In The Tank (Ep244) Global Elites are Prepping for a Global Reset,data/raw/images/recovery/nan,0,recovery
NY Post: Scientists Believe that CBD Could Help Prevent and Treat Coronavirus,data/raw/images/recovery/1782.jpg,0,recovery
California university system burnishes woke cred by ditching standardized tests and dodges a looming lawsuit,data/raw/images/recovery/1783.jpg,0,recovery
China s Pandemic Power Couple,data/raw/images/recovery/nan,0,recovery
Coronavirus and the Constitution,data/raw/images/recovery/nan,0,recovery
OMG Feckless Clown Dr. Fauci NOW SAYS Staying Closed Too Long Could Cause Irreparable Damage AFTER USING JUNK MODEL TO DESTROY ECONOMY,data/raw/images/recovery/nan,0,recovery
"Islam, COVID-19, and the Divine Decree",data/raw/images/recovery/nan,0,recovery
The Syrian Quagmire: Who is Fighting and Why,data/raw/images/recovery/nan,0,recovery
How Governments Are Hunting the Infected,data/raw/images/recovery/nan,0,recovery
Apple iOS [DECIMAL] Upgrade Includes Contact Tracing API,data/raw/images/recovery/nan,0,recovery
Covid-19 mass screening: first results show 14% of tested Russians have coronavirus antibodies,data/raw/images/recovery/1791.jpg,0,recovery
"No evidence hydroxychloroquine treats coronavirus, new study shows",data/raw/images/recovery/1792.jpg,1,recovery
Godfather of Grass seeks prison release over virus concern,data/raw/images/recovery/1793.jpg,1,recovery
"If you have no sense of taste, lock yourself away immediately",data/raw/images/recovery/1794.jpg,1,recovery
China flexes its trade muscles,data/raw/images/recovery/1795.jpg,1,recovery
France sets date for second round of local elections,data/raw/images/recovery/1796.jpg,1,recovery
Memorial Day [YEAR] observances go (mostly) online on May 25 due to coronavirus restrictions,data/raw/images/recovery/1797.jpg,1,recovery
What an attendance cap could mean for crowded Disney parks in the COVID-19 era,data/raw/images/recovery/1798.jpg,1,recovery
UK s coronavirus quarantine in force from June 8,data/raw/images/recovery/1799.jpg,1,recovery
Chinese trial of potential coronavirus vaccine shows positive signals,data/raw/images/recovery/1800.jpg,1,recovery
Trump administration might consolidate pandemic response at State Department,data/raw/images/recovery/1801.jpg,1,recovery
"Trump declares houses of worship essential, pressuring governors to let them reopen",data/raw/images/recovery/1802.jpg,1,recovery
Behind Trump s demand to reopen churches: Slipping poll numbers and alarm inside his campaign,data/raw/images/recovery/1803.jpg,1,recovery
"A strange, quiet Memorial Day",data/raw/images/recovery/1804.jpg,1,recovery
Will virus keep Florida spectators from astronaut launch,data/raw/images/recovery/1805.jpg,1,recovery
JPMorgan study finds COVID-19 infection rates have declined not increased in states that have reopened True Pundit,data/raw/images/recovery/1806.jpg,0,recovery
In COVID-19 Britain it pays to run your washing machine on Sunday afternoon,data/raw/images/recovery/1807.jpg,1,recovery
California Doctors Say They ve Seen More Suicides Than COVID-Deaths During Quarantine,data/raw/images/recovery/1808.jpg,0,recovery
"After State Killed 275k Jobs Over COVID-19, Sheriff Now Evicting Residents Who Can t Pay",data/raw/images/recovery/nan,0,recovery
Richest Americans Have Added 434 Billion To Their Wealth Since Crisis Hit,data/raw/images/recovery/nan,0,recovery
LISTEN: PAINE in the Morning News Scoops Analysis for Friday [DECIMAL] .20 True Pundit,data/raw/images/recovery/1811.jpg,0,recovery
Dr. Fauci Sends Liberal Media/Democrats Into Histeria With One Simple Truth,data/raw/images/recovery/nan,0,recovery
"The Slippery Slope to Despotism: Paved with Lockdowns, Raids and Forced Vaccinations",data/raw/images/recovery/1813.jpg,0,recovery
Schadenfreude: Mommy Warbucks shuts her purse on The Atlantic s lefty denizens,data/raw/images/recovery/nan,0,recovery
"Illinois Lawmaker Floats Legislation to Give Governor Pritzker the Power to Confiscate Property Including Cars, Trucks, Food, Gas, Animals, Clothing, etc Dc Gazette",data/raw/images/recovery/nan,0,recovery
The Game of Truth Dc Gazette,data/raw/images/recovery/nan,0,recovery
Let s Remember That Coronavirus Is Still a Mystery Dc Gazette,data/raw/images/recovery/nan,0,recovery
The US is treating China like it s Nazi Germany. This slide towards a 3rd world war needs to end before it s too late,data/raw/images/recovery/1818.jpg,0,recovery
"Putin warns of potential 2nd wave of Covid-19 infections in the fall, tells Russian Health Ministry to prepare",data/raw/images/recovery/1819.jpg,0,recovery
Experts predict string of quarantines in Russia before [YEAR] and GDP decline of 6%,data/raw/images/recovery/1820.jpg,0,recovery
Sleepy Joe And Angry Amy Biden s Campaign Vetting Klobuchar As Potential Running Mate,data/raw/images/recovery/1821.jpg,0,recovery
"SHOCKING: Cuomo s Policy Sent More Than 4,300 COVID-Positive Patients Into Nursing Homes",data/raw/images/recovery/1822.jpg,0,recovery
5 Small steps you can take to protect yourself and your family from COVID-19,data/raw/images/recovery/1823.jpg,0,recovery
Washington state loses hundreds of millions to Nigerian unemployment claims fraud,data/raw/images/recovery/1824.jpg,0,recovery
"Sweden s coronavirus death rate overtakes UK, Italy",data/raw/images/recovery/1825.jpg,0,recovery
"Russian scientists test vector vaccine, report no side effects",data/raw/images/recovery/1826.jpg,0,recovery
"Where to find the Plandemic documentary with Judy Mikovits in Portuguese, Greek, Spanish, Danish, French, Lithuanian, Turkish, Italian and English",data/raw/images/recovery/1827.jpg,0,recovery
"If Someone is in Pain, I Am in Pain : Jack Dorsey Plans To Give All Of His Wealth Away In His Lifetime",data/raw/images/recovery/nan,0,recovery
Experts: Mutated virus involved in new coronavirus outbreak in northeast China,data/raw/images/recovery/1829.jpg,0,recovery
"Many, Many Others Affected by Obama-Era Surveillance",data/raw/images/recovery/1830.jpg,0,recovery
"Hydroxychloroquine breakthrough: ICMR finds it s effective in preventing coronavirus, expands its use",data/raw/images/recovery/nan,0,recovery
FLA Gov. DeSantis Leads The Nation: Florida lifting all restrictions on youth activities,data/raw/images/recovery/nan,0,recovery
Bill Gates Documentary Reveals Ties to Pedophile Jeffrey Epstein and Eugenics Movement,data/raw/images/recovery/1833.jpg,0,recovery
"Pharmaceutical Industry is the Leading Cause of Death in U.S., and the Largest Criminal Group in the World",data/raw/images/recovery/1834.jpg,0,recovery
Mastermind of LOCKDOWN Dr. Anthony Fauci NOW says staying closed for too long could cause IRREPARABLE DAMAGE,data/raw/images/recovery/nan,0,recovery
Quarter Of Americans Have No Interest In Taking COVID Vaccine,data/raw/images/recovery/1836.jpg,0,recovery
Coronavirus poverty increase has not reduced the influence of U.S. military establishment,data/raw/images/recovery/1837.jpg,0,recovery
WHO Inadvertently Admits That Vaccines Won t Work Against Coronavirus,data/raw/images/recovery/nan,0,recovery
George Soros Views The COVID-19 Plandemic As A Revolutionary Moment Where Everything Is Up For Grabs Says Radical Change Needed,data/raw/images/recovery/nan,0,recovery
BREAKING: Confirmation that President Trump is NOT controlled by Big Pharma and is completely opposed to coercive vaccine mandates,data/raw/images/recovery/1840.jpg,0,recovery
Why did European leaders approval ratings rise during lockdown,data/raw/images/recovery/1841.jpg,0,recovery
UPDATE: 20-Yr-Old Boxer Was Moved to Michigan Nursing Home BECAUSE HE HAD CORONAVIRUS Beat 77 Yr-Old Veteran And WAS STILL THERE A WEEK LATER,data/raw/images/recovery/nan,0,recovery
Washington State Is Classifying Several Shootings as COVID-19 Deaths,data/raw/images/recovery/nan,0,recovery
"Oklahoma: After State Killed 275,000 Jobs Over COVID-19, Sheriff Now Evicting Residents Who Can t Pay",data/raw/images/recovery/nan,0,recovery
The UN Wants You to Stop Using These 14 Offensive Words,data/raw/images/recovery/nan,0,recovery
Schiff Shames Trump With Saturday Takedown Over COVID Lies,data/raw/images/recovery/nan,0,recovery
FACT: Coronavirus vaccines will contain aborted human babies,data/raw/images/recovery/nan,0,recovery
"Dr Ngozi Okonjo-Iweala: Coronavirus vaccine WILL be a public good, WON T be available for just rich countries (E881)",data/raw/images/recovery/1848.jpg,0,recovery
Most unwise : Police chief slams PM adviser Cummings 250-mile lockdown-breaking trip,data/raw/images/recovery/1849.jpg,0,recovery
Plague of Corruption climbing Covid numbers,data/raw/images/recovery/1850.jpg,0,recovery
Someone dropped the ball : Suspect in beating of 75yo nursing home patient was moved to facility AFTER contracting Covid-19,data/raw/images/recovery/1851.jpg,0,recovery
Trump Calls on Sessions to Drop Out of Senate Race,data/raw/images/recovery/nan,0,recovery
Who Wrote This White House Releases Strategy Document Regarding China that Does Not Include President Trump s Strong Positions and Policies Towards China,data/raw/images/recovery/nan,0,recovery
Post pandemic cold war,data/raw/images/recovery/nan,0,recovery
SECOND VIDEO: 20-Yr-Old Boxer with Coronavirus Sent to Michigan Nursing Home LAST WEEK Filmed 2nd Beating on Old White Patient Was Still There When Cops Came a Week Later,data/raw/images/recovery/nan,0,recovery
Far-right protests erupt in Spain against coronavirus lockdowns,data/raw/images/recovery/nan,0,recovery
WATCH: Dr. Drew Defends President Trump s Decision To Take Hydroxychloroquine,data/raw/images/recovery/nan,0,recovery
Islamic Call to Prayer Blaring 5 Times a Day During Coronavirus Lockdown Sparks Noise Complaints in Los Angeles (VIDEO),data/raw/images/recovery/nan,0,recovery
Drug touted by Trump raises death risk in COVID-19 patients,data/raw/images/recovery/nan,0,recovery
China reports zero new Covid-19 cases for FIRST TIME as pandemic finds new epicenter in South America,data/raw/images/recovery/1860.jpg,0,recovery
WATCH: Florida Governor DeSantis Obliterates Media After Successful Opening His State,data/raw/images/recovery/nan,0,recovery
Trump visits one of his private golf courses for first time in 75 days,data/raw/images/recovery/1862.jpg,0,recovery
This sh t is funny : UFC boss Dana White tweets out hilarious Conor McGregor raging bull video,data/raw/images/recovery/1863.jpg,0,recovery
Green light: Spanish government gives go-ahead for La Liga resumption from June 8,data/raw/images/recovery/1864.jpg,0,recovery
UFC bombshell Paige VanZant forecasts money fight with Amanda Ribas amid contract negotiations,data/raw/images/recovery/1865.jpg,0,recovery
Iran will respond in kind if US makes trouble for Venezuela-bound oil tankers in Caribbean: President Rouhani,data/raw/images/recovery/nan,0,recovery
The Drones Were Ready for This Moment,data/raw/images/recovery/nan,0,recovery
Scientists walk back prediction that US could be coronavirus-free by fall,data/raw/images/recovery/nan,0,recovery
"Mosques adapt to coronavirus shutdown by sharing the call to prayer. In Culver City, neighbors said it was too loud",data/raw/images/recovery/1869.jpg,0,recovery
Basketball legend Patrick Ewing tests positive for Covid-19,data/raw/images/recovery/nan,0,recovery
Back of the Line Karma Hits After Gretchen Whitmer s Husband Tries to Cut in Line Before Michigan Boaters After His Wife Banned Motor Boating for Weeks,data/raw/images/recovery/nan,0,recovery
Barack Obama poised to add his star appeal to Joe Biden s campaign,data/raw/images/recovery/1872.jpg,0,recovery
Hispanics Express Majority Support for the Federal Government Providing Aid to Illegal Aliens During the Wuhan Virus Outbreak,data/raw/images/recovery/nan,0,recovery
"Still looking for a bogeyman Moscow slams US State Dept after it posts 250,000 grant to expose Russian health disinformation",data/raw/images/recovery/1874.jpg,0,recovery
The future of football Danish club unveil first-ever Virtual Grandstand to allow fans to attend games via Zoom,data/raw/images/recovery/1875.jpg,0,recovery
San Francisco sanctions once-shunned homeless encampments,data/raw/images/recovery/nan,0,recovery
Hertz Files For Bankruptcy As Lockdowns Crush Rental Car Industry,data/raw/images/recovery/nan,0,recovery
"Censorship-Free Social Network Explodes After Adding 200,000 New Users In Just A Few Days",data/raw/images/recovery/nan,0,recovery
How Asset Forfeiture Drives the Police State,data/raw/images/recovery/nan,0,recovery
US Sanctions Chinese Surveillance Companies For Human Rights Abuses Against Uighurs,data/raw/images/recovery/nan,0,recovery
The Economic Reopening Is A Fake Out,data/raw/images/recovery/nan,0,recovery
The UN Wants You to Stop Using These 14 Offensive Words (And Other Weekly News Straight Out of [YEAR] ),data/raw/images/recovery/nan,0,recovery
Turning nursing homes into extermination sites: the Gretchen factor,data/raw/images/recovery/nan,0,recovery
Coronavirus Basics Too Many People Never Learned,data/raw/images/recovery/1884.jpg,0,recovery
Class Warfare Will Worsen the Pandemic,data/raw/images/recovery/nan,0,recovery
Outrage Grows Over Boris Johnson Aide s 260-Mile Trip During Lockdown,data/raw/images/recovery/nan,0,recovery
COVID-19 becomes a political disease,data/raw/images/recovery/nan,0,recovery
Weary Michiganders got an unwelcome surprise from Governor Gretchen Whitmer,data/raw/images/recovery/nan,0,recovery
"Together, Alone. The Car as Shelter in the Pandemic.",data/raw/images/recovery/1889.jpg,0,recovery
Silver Lining: 2 In 5 Adults Have Changed For The Better Thanks To Lockdown,data/raw/images/recovery/nan,0,recovery
NASA and SpaceX are go for historic launch,data/raw/images/recovery/nan,0,recovery
"When even tough New Yorkers become petrified pandemic-shamers, it s time to confront our over-anxiousness about Covid-19",data/raw/images/recovery/1892.jpg,0,recovery
Washington State Is Classifying Several Shootings as COVID-19 Deaths Dc Gazette,data/raw/images/recovery/nan,0,recovery
Confusing Risk: Scary Does Not Mean Dangerous Dc Gazette,data/raw/images/recovery/nan,0,recovery
"As Americans lose their jobs, Senate gears up to give Israel A MINIMUM of 38 billion over 10 years",data/raw/images/recovery/1895.jpg,0,recovery
Racist incidents against Africans in China amid coronavirus crackdown spark outcry,data/raw/images/recovery/1896.jpg,0,recovery
"French industrialist calls for 5G MORATORIUM amid Covid-19, conspiracy theories burning of masts",data/raw/images/recovery/1897.jpg,0,recovery
"How Upbeat Vaccine News Fueled a Stock Surge, and an Uproar",data/raw/images/recovery/nan,0,recovery
NO QUESTION US in COLD WAR 2 with China Florida senator,data/raw/images/recovery/1899.jpg,0,recovery
Biased mainstream media again misuses science to paint sensible Sweden as reckless gamblers - here is why they are wrong,data/raw/images/recovery/1900.jpg,0,recovery
Moderna executives offloaded nearly 30 million of stocks a day after unveiling coronavirus vaccine,data/raw/images/recovery/1901.jpg,0,recovery
"FIRST coronavirus death confirmed in Gaza, as Palestinian territories lift lockdown",data/raw/images/recovery/1902.jpg,0,recovery
BBC blasted after political editor jumps to defend PM adviser Cummings following cross-country lockdown breach,data/raw/images/recovery/1903.jpg,0,recovery
Over 2 million infected with Covid-19 in Europe AFP tally,data/raw/images/recovery/1904.jpg,0,recovery
Brazil s Govt Says national Security Would Be At Risk If Bolsonaro s Phone Seized,data/raw/images/recovery/nan,0,recovery
NBA legend Patrick Ewing in hospital after testing positive for Covid-19,data/raw/images/recovery/1906.jpg,0,recovery
"Dominic Cummings Lockdown Journey Was in Line With Guidelines, Downing Street Says",data/raw/images/recovery/nan,0,recovery
Fast-Tracked COVID-19 Vaccine What Could Go Wrong,data/raw/images/recovery/1908.jpg,0,recovery
"Freedom of worship under attack by liberals, caught on [Video]",data/raw/images/recovery/1909.jpg,0,recovery
"Like post-war Britain, we need a new normal after Covid-19",data/raw/images/recovery/1910.jpg,0,recovery
Blue City That Voted for Obama Twice Just Kicked 3 Democrats Out of Office,data/raw/images/recovery/nan,0,recovery
"Slippery Slope To Despotism: Paved With Lockdowns, Raids, And Forced Vaccinations",data/raw/images/recovery/1912.jpg,0,recovery
"Michigan AG Whines: I Will Not Twiddle my Thumbs As Trump Risks Health, Safety of Residents",data/raw/images/recovery/1913.jpg,0,recovery
"Updated daily: 3,224 deaths so far, and counting",data/raw/images/recovery/nan,0,recovery
Vicious Nursing Home Attacker Had COVID-19 and Was Quarantined Among the Elderly Despite Mental Illness and Felony Charges,data/raw/images/recovery/nan,0,recovery
UFC boss Dana White says he ll live on Fight Island for entire month - but location remains a mystery,data/raw/images/recovery/1916.jpg,0,recovery
Merkel and Macron s Plan to Bail Out Europe: Goal is to Show EU is Alive,data/raw/images/recovery/nan,0,recovery
Desperate Times Call for Desperate COVID Measures as EU Wants to Reduce Reliance on China,data/raw/images/recovery/nan,0,recovery
Himmler s Fake ID Papers That Helped Arrest SS Head in [YEAR] Come to Light,data/raw/images/recovery/nan,0,recovery
How Russia is Saving Global Gold Market Amid Shortages of Physical Precious Metal,data/raw/images/recovery/nan,0,recovery
Bella Thorne Sets Pulses Racing With Lockdown Underwear Selfie as She Steps Up Work on New Movies,data/raw/images/recovery/nan,0,recovery
"New coronavirus outbreak in China points to possible mutation, while second wave of cases hit Singapore, South Korea",data/raw/images/recovery/1922.jpg,0,recovery
Google Drive takes down user s personal copy of Judy Mikovits Plandemic after it was flagged by The Washington Post,data/raw/images/recovery/1923.jpg,0,recovery
"[BREAKING VIDEO REPORT] 660 Million Spent on 30 Field Hospitals, Most Had ZERO Patients",data/raw/images/recovery/1924.jpg,0,recovery
"Google, Facebook, Microsoft Lobbying Trump to Keep H1B Cheap Labor Visa Program",data/raw/images/recovery/nan,0,recovery
Trump Changed His Attitude to China When He Noticed COVID-19 May Hurt His Election Campaign - Pundit,data/raw/images/recovery/nan,0,recovery
Alleged Birthplace of Jesus Disciples Flooded by Rising Sea of Galilee Water,data/raw/images/recovery/nan,0,recovery
Michigan Attorney General Threatens to Close Ford Plant Because President Trump Did Not Wear a Mask,data/raw/images/recovery/nan,0,recovery
"27 Men In Bradford, UK Arrested For Online Child Sexual Exploitation",data/raw/images/recovery/nan,0,recovery
"SHOCK VIDEO: CDC Going Door to Door to Collect Your DNA, Blood True Pundit",data/raw/images/recovery/1930.jpg,0,recovery
Largest US Car Rental Company Hertz Files for Bankruptcy Over Falling Demand Amid COVID-19,data/raw/images/recovery/nan,0,recovery
"Some Americans Believe in Bill Gates Alleged Involvement in COVID-19 Plot, Poll Shows",data/raw/images/recovery/nan,0,recovery
Trump Administration Reportedly Mulls Creating US Alternative to Some of WHO s Work,data/raw/images/recovery/nan,0,recovery
A Subtle Hint: Donald Trump Spends Day at His Golf Resort Amid Calls to Reopen US,data/raw/images/recovery/nan,0,recovery
"If you have a copy of Plandemic in your Google Drive, Google might try to surreptitiously delete it",data/raw/images/recovery/1935.jpg,0,recovery
"Report: Cuomo shipped off 4,300 coronavirus patients to NY nursing homes",data/raw/images/recovery/1936.jpg,0,recovery
President Trump orders houses of worship to reopen threatens to override states that refuse,data/raw/images/recovery/1937.jpg,0,recovery
US militarizes the Caribbean Sea to surround Venezuela,data/raw/images/recovery/1938.jpg,0,recovery
Israel s intent to annex part of West Bank may spark new wide-scale Middle East crisis amidst global pandemic,data/raw/images/recovery/1939.jpg,0,recovery
Russia s Gamalei Institute Expects to Launch Human Trials for COVID-19 Vaccine by 15 June,data/raw/images/recovery/nan,0,recovery
Obama s Portrait Will Never Hang in Trump White House Liberals Outraged,data/raw/images/recovery/nan,0,recovery
Trump s Saturday Vacation Caught On Camera As Americans Die,data/raw/images/recovery/nan,0,recovery
Psychedelic Experiences Disrupt Routine Thinking And so has the Coronavirus Pandemic,data/raw/images/recovery/1943.jpg,0,recovery
UPDATE: 20-Yr-Old Boxer Was Moved to Michigan Nursing Home BECAUSE HE HAD CORONAVIRUS Beat 77 Yr-Old Veteran And WAS STILL THERE A WEEK LATER Dc Gazette,data/raw/images/recovery/nan,0,recovery
All aboard Spain is reopening to international TOURISM from July,data/raw/images/recovery/1945.jpg,0,recovery
SHARIA UK: London will blare Islamic call to prayer during Ramadan as churches remain closed,data/raw/images/recovery/nan,0,recovery
Campaigners: UK Coronavirus Contact Tracing App Assists Surveillance State,data/raw/images/recovery/nan,0,recovery
London Reportedly Set to Cut Huawei s Role in Development of 5G Network in the UK,data/raw/images/recovery/nan,0,recovery
Filipino Detained for Reportedly Offering 8 Mln to Anybody Who Kills Duterte,data/raw/images/recovery/nan,0,recovery
CNN Downplays Biden s Racist You Ain t Black Scandal,data/raw/images/recovery/nan,0,recovery
Japan Might Pay for Half of Your Travel Expenses to Jumpstart Tourism,data/raw/images/recovery/nan,0,recovery
"Desperate 1,200-Kilometre Journey on Bicycle With Injured Father Brings Hope to Indian Girl",data/raw/images/recovery/nan,0,recovery
Gold Prices Could Break Record by End of Year - Report,data/raw/images/recovery/nan,0,recovery
Bill Gates Reportedly Offered a 10 Million Bribe to Use Nigerian Children in Coronavirus Vaccine Experiments,data/raw/images/recovery/nan,0,recovery
London Reportedly Set to Cut Huawei s Role in Development of 5G Network in UK,data/raw/images/recovery/1955.jpg,0,recovery
"COVID-19: Bolsonaro is Losing Ground Becoming Isolated in Brazil s Political Arena, Journo Says",data/raw/images/recovery/nan,0,recovery
"Cannabis can help fight coronavirus, study says",data/raw/images/recovery/1957.jpg,0,recovery
"US Provoking India-China Tensions But Delhi Doesn t Want to be Used as Tool, Analysts Say",data/raw/images/recovery/nan,0,recovery
"Labour Calls for Inquiry Into Cummings Lockdown Trip, Which Was Fully Supported by Johnson",data/raw/images/recovery/nan,0,recovery
"No Passport, No Visa: Study Indicates Coronavirus Immunity Lasts Just Six Months",data/raw/images/recovery/nan,0,recovery
Dr. Fauci taken to task as COVID-19 narrative swings wildly again [Video],data/raw/images/recovery/1961.jpg,0,recovery
Regretful EU Leaders Hit Back at UK Over New Quarantine Rules For Travellers,data/raw/images/recovery/nan,0,recovery
Senior Tory Says Boris Johnson Lost His Edge After Battle With COVID-19 - Report,data/raw/images/recovery/nan,0,recovery
Local Elections Suggest Virginia May be Turning Red,data/raw/images/recovery/1964.jpg,0,recovery
Demand for Happiness: Britain Reports Puppy Shortage Amid Coronavirus Lockdown,data/raw/images/recovery/nan,0,recovery
Dominic Cummings in Hot Water After Reportedly Flouting UK Lockdown Rules While Down With COVID,data/raw/images/recovery/nan,0,recovery
Fauci About-Face: Prolonged Lockdowns Not The Way To Go,data/raw/images/recovery/1967.jpg,0,recovery
"Trump, Birx Vs. CDC, W.H.O.",data/raw/images/recovery/nan,0,recovery
Fauci Backtracks As Cuomo Doubles-Down,data/raw/images/recovery/1969.jpg,0,recovery
That Will Cost a Lot: NASA Looks For Volunteers to Spend Up to a Year in Isolation in Russian Lab,data/raw/images/recovery/nan,0,recovery
"Dominic Cummings Defied Coronavirus Lockdown Rules Twice to Visit Parents, Report Claims",data/raw/images/recovery/nan,0,recovery
Palestinians hold Eid al-Fitr prayers amid coronavirus restrictions,data/raw/images/recovery/nan,0,recovery
China open to intl. efforts to identify coronavirus source: FM,data/raw/images/recovery/nan,0,recovery
BBC director general admits big losses in the coronavirus pandemic,data/raw/images/recovery/nan,0,recovery
"Biden censures Trump for playing golf as coronavirus death toll heads toward 100,000",data/raw/images/recovery/nan,0,recovery
"Iran, Turkey presidents urge full reopening of borders after pandemic",data/raw/images/recovery/nan,0,recovery
"Incalculable Loss - NYT Reveals 24 May Front Page Displaying Names of 1,000 COVID-19 Fatalities",data/raw/images/recovery/nan,0,recovery
US asks Israel to sever burgeoning ties with China: Paper,data/raw/images/recovery/nan,0,recovery
Joe Biden wins Hawaii Democratic presidential primary,data/raw/images/recovery/nan,0,recovery
"No Plan to Impose Calamity Cess to Fight COVID-19 Pandemic, Indian Gov t Sources Say",data/raw/images/recovery/nan,0,recovery
P kin d clare la guerre aux USA,data/raw/images/recovery/nan,0,recovery
Iranians mark Eid al-Fitr amid social distancing,data/raw/images/recovery/nan,0,recovery
US militarizes Caribbean to tighten blockade of Venezuela,data/raw/images/recovery/nan,0,recovery
Barcelona anti-lockdown protesters call for end to state of emergency,data/raw/images/recovery/nan,0,recovery
Press TV The Lite Bulletin,data/raw/images/recovery/nan,0,recovery
Wuhan Institute of Virology Head Rejects US COVID-19 Origin Theory as Pure Fabrication,data/raw/images/recovery/nan,0,recovery
Coronavirus War Room Ep19 (with Dr. Judy Mikovits) by Dr. Paul Cottrell,data/raw/images/recovery/1987.jpg,0,recovery
"Iran condemns foreign interference in China s affairs, threat to its sovereignty",data/raw/images/recovery/nan,0,recovery
Globalists in Panic: George Soros Warns EU May not Survive Coronavirus Crisis,data/raw/images/recovery/1989.jpg,0,recovery
Palestinians in Gaza prepare for Eid al-Fitr amid dire conditions,data/raw/images/recovery/nan,0,recovery
Iranians mark Eid al-Fitr at end of holy fasting month of Ramadan,data/raw/images/recovery/nan,0,recovery
North Korean leader pledges to increase nuclear deterrence capabilities,data/raw/images/recovery/nan,0,recovery
UK PM Johnson Says Cummings Was Absolutely Responsible,data/raw/images/recovery/nan,0,recovery
Return to Normalcy: President Trump Plays Golf for First Time Since Coronavirus Lockdowns Began,data/raw/images/recovery/nan,0,recovery
"Another Dr. Fauci Lie Debunked Mysterious Inflammatory Condition in Children Is Typical Every Year in 13 of 100,000 Children in Study",data/raw/images/recovery/nan,0,recovery
Mayor Tells Trump Not to Come to Baltimore for Memorial Day; GOP MD Gov to Snub President s Visit to Fort McHenry,data/raw/images/recovery/nan,0,recovery
Afghan Power-Sharing Deal Unlikely to Boost Peace Talks With Taliban,data/raw/images/recovery/nan,0,recovery
Businesses Demand Boris Johnson Build Air Bridges to Low-Risk States to Speed up Economic Rebound,data/raw/images/recovery/nan,0,recovery
Coronavirus Vaccine Developed at Oxford Lab Could Be Only 50% Effective - Reports,data/raw/images/recovery/nan,0,recovery
Piers Morgan Bans all Cabinet Ministers From TV Show After Dominic Cummings Lockdown Breach,data/raw/images/recovery/nan,0,recovery
"Lots of Noise, Three Cases, and One Prime Minister: Benjamin Netanyahu Trial Kicks Off in Jerusalem",data/raw/images/recovery/nan,0,recovery
"COVID-19 Live Updates: Number of Infected in US Rises to [DECIMAL] Mln, With Over 97,000 Deaths",data/raw/images/recovery/nan,0,recovery
President Trump Tells Sharyl Attkisson in Interview to Air Sunday: I have a chance to break the deep state,data/raw/images/recovery/nan,0,recovery
Reports: UK to cut Huawei s involvement in 5G network,data/raw/images/recovery/2004.jpg,0,recovery
Muslims Worldwide Start Celebrating End of Ramadan Under Continued Lockdown Restrictions,data/raw/images/recovery/nan,0,recovery
US Ambassador Expresses Confidence in Australian Telecoms Security Following Pompeo Threats,data/raw/images/recovery/nan,0,recovery
Twitter Rages as Feminist Writer Says Coronavirus Isn t Killing Men Fast Enough,data/raw/images/recovery/nan,0,recovery
Alyssa Milano Ridiculed for Wearing Knitted See-Through Mask With Invisible Carbon Filter,data/raw/images/recovery/nan,0,recovery
"Police in Hamburg use WATER CANNONS to disperse demonstrators against anti-lockdown protest (VIDEO, PHOTOS)",data/raw/images/recovery/2009.jpg,0,recovery
Over 60% of Russians Approve of Putin s Performance - Pollster,data/raw/images/recovery/nan,0,recovery
"Before Demanding Access to Wuhan, US Should Lift Veil on Its Secret Bioweapon Labs, Analyst Says",data/raw/images/recovery/nan,0,recovery
"US and China on Brink of New Cold War , Chinese Foreign Minister Warns",data/raw/images/recovery/nan,0,recovery
Will the Coronavirus Make Us Rethink Mass Incarceration,data/raw/images/recovery/2013.jpg,1,recovery
Cut off by coronavirus: Hondurans in packed prison suffer mental toll,data/raw/images/recovery/nan,1,recovery
"In the Amazon, an indigenous nurse volunteers in coronavirus fight",data/raw/images/recovery/nan,1,recovery
"In Italy, four generations in a coronavirus lockdown",data/raw/images/recovery/nan,1,recovery
From home to hospital: giving birth during the U.S. coronavirus outbreak,data/raw/images/recovery/nan,1,recovery
A day fighting the coronavirus: US hospital staff share hardest moments on shift,data/raw/images/recovery/nan,1,recovery
High noon in a coronavirus-stricken world,data/raw/images/recovery/nan,1,recovery
"In Cambodian casino town, Chinese bet on future after coronavirus",data/raw/images/recovery/nan,1,recovery
Mapping the worldwide spread of the coronavirus,data/raw/images/recovery/nan,1,recovery
Gut microbiota and Covid-19- possible link and implications.,data/raw/images/recovery/nan,0,recovery
"Undercover agents enforcing state health rules at restaurants, bars",data/raw/images/recovery/nan,0,recovery
"White House concerned with coronavirus spread in LA area, asks CDC to investigate",data/raw/images/recovery/nan,0,recovery
"There Will Be No Election If Things Keep Going the Way They re Going : After Predicting [YEAR] , Michael Moore Fears Trump Will Mess With [YEAR]",data/raw/images/recovery/2025.jpg,0,recovery
Want to know who won the presidential race on election night Get ready to wait.,data/raw/images/recovery/nan,0,recovery
"Nearly half of Twitter accounts discussing coronavirus are likely bots, researchers say",data/raw/images/recovery/2027.jpg,0,recovery
,data/raw/images/recovery/nan,0,recovery
